Fecha;Obra;% disponibilidad;Cantidad items MM;Cantidad Stock Nulo;Cantidad Menor a PP;Cantidad Mayor a PP;Cantidad mayor a Stock Maximo
7/1/2025;00038 Fase 7 Veladero-MM;30%;1490;1039;0;76;375
14/1/2025;00038 Fase 7 Veladero-MM;1%;1490;1490;0;0;0
20/5/2024;00223 Comp Amb Santa Fe;97%;265;9;11;129;116
27/5/2024;00223 Comp Amb Santa Fe;97%;265;9;13;128;115
3/6/2024;00223 Comp Amb Santa Fe;97%;265;9;13;130;113
10/6/2024;00223 Comp Amb Santa Fe;97%;265;9;14;121;121
24/6/2024;00223 Comp Amb Santa Fe;93%;265;19;15;117;114
1/7/2024;00223 Comp Amb Santa Fe;88%;264;31;14;108;111
8/7/2024;00223 Comp Amb Santa Fe;96%;264;11;8;131;114
15/7/2024;00223 Comp Amb Santa Fe;97%;264;9;7;136;112
22/7/2024;00223 Comp Amb Santa Fe;99%;205;2;5;112;86
29/7/2024;00223 Comp Amb Santa Fe;97%;205;6;5;111;83
9/8/2024;00223 Comp Amb Santa Fe;94%;205;13;4;118;70
12/8/2024;00223 Comp Amb Santa Fe;93%;205;14;8;114;69
19/8/2024;00223 Comp Amb Santa Fe;93%;205;15;9;114;67
27/8/2024;00223 Comp Amb Santa Fe;96%;205;9;7;120;69
2/9/2024;00223 Comp Amb Santa Fe;98%;205;5;8;121;71
9/9/2024;00223 Comp Amb Santa Fe;98%;205;5;8;122;70
16/9/2024;00223 Comp Amb Santa Fe;98%;204;5;12;118;69
23/9/2024;00223 Comp Amb Santa Fe;99%;204;3;10;121;70
30/9/2024;00223 Comp Amb Santa Fe;99%;204;3;10;121;70
7/10/2024;00223 Comp Amb Santa Fe;97%;205;7;10;119;69
14/10/2024;00223 Comp Amb Santa Fe;97%;205;7;8;120;70
22/10/2024;00223 Comp Amb Santa Fe;96%;205;8;6;120;71
29/10/2024;00223 Comp Amb Santa Fe;96%;205;9;11;115;70
4/11/2024;00223 Comp Amb Santa Fe;96%;205;9;11;115;70
11/11/2024;00223 Comp Amb Santa Fe;98%;177;4;7;129;37
18/11/2024;00223 Comp Amb Santa Fe;99%;177;2;3;134;38
26/11/2024;00223 Comp Amb Santa Fe;99%;177;2;4;134;37
2/12/2024;00223 Comp Amb Santa Fe;99%;176;1;8;131;36
9/12/2024;00223 Comp Amb Santa Fe;95%;176;9;5;127;35
18/12/2024;00223 Comp Amb Santa Fe;100%;176;0;0;141;35
23/12/2024;00223 Comp Amb Santa Fe;100%;176;0;0;141;35
2/1/2025;00223 Comp Amb Santa Fe;93%;183;13;5;128;37
7/1/2025;00223 Comp Amb Santa Fe;100%;183;0;3;143;37
14/1/2025;00223 Comp Amb Santa Fe;100%;183;0;5;141;37
21/1/2025;00223 Comp Amb Santa Fe;100%;182;0;0;144;38
27/1/2025;00223 Comp Amb Santa Fe;99%;182;1;0;145;36
3/2/2025;00223 Comp Amb Santa Fe;98%;183;4;3;140;36
11/2/2025;00223 Comp Amb Santa Fe;99%;183;1;2;143;37
18/2/2025;00223 Comp Amb Santa Fe;99%;183;1;2;143;37
7/3/2025;00223 Comp Amb Santa Fe;97%;183;5;3;139;36
12/3/2025;00223 Comp Amb Santa Fe;97%;183;6;3;138;36
17/3/2025;00223 Comp Amb Santa Fe;97%;182;6;3;138;35
31/3/2025;00223 Comp Amb Santa Fe;91%;183;17;5;126;35
7/4/2025;00223 Comp Amb Santa Fe;86%;184;26;5;122;31
14/4/2025;00223 Comp Amb Santa Fe;84%;214;35;18;129;32
22/4/2025;00223 Comp Amb Santa Fe;84%;214;35;18;129;32
20/5/2025;00223 Comp Amb Santa Fe;93%;217;16;25;149;27
27/5/2025;00223 Comp Amb Santa Fe;93%;217;16;16;158;27
2/6/2025;00223 Comp Amb Santa Fe;94%;217;13;21;156;27
9/6/2025;00223 Comp Amb Santa Fe;92%;217;17;23;151;26
23/6/2025;00223 Comp Amb Santa Fe;98%;217;5;17;168;27
17/6/2025;00223 Comp Amb Santa Fe;92%;217;17;23;151;26
30/6/2025;00223 Comp Amb Santa Fe;94%;216;12;32;146;26
7/7/2025;00223 Comp Amb Santa Fe;93%;216;15;38;139;24
15/7/2025;00223 Comp Amb Santa Fe;93%;213;15;36;139;23
25/7/2025;00223 Comp Amb Santa Fe;92%;213;17;20;151;25
12/8/2025;00223 Comp Amb Santa Fe;95%;209;10;21;154;24
19/8/2025;00223 Comp Amb Santa Fe;96%;209;9;18;158;24
26/8/2025;00223 Comp Amb Santa Fe;94%;209;12;20;153;24
1/9/2025;00223 Comp Amb Santa Fe;97%;209;7;20;157;25
8/9/2025;00223 Comp Amb Santa Fe;100%;209;1;14;170;24
18/9/2025;00223 Comp Amb Santa Fe;92%;209;16;23;139;31
24/9/2025;00223 Comp Amb Santa Fe;100%;207;1;11;166;29
29/9/2025;00223 Comp Amb Santa Fe;98%;207;28;18;133;28
6/10/2025;00223 Comp Amb Santa Fe;84%;201;32;16;129;24
20/5/2024;00314 CASA Olavarría;99%;820;9;50;482;279
27/5/2024;00314 CASA Olavarría;98%;816;13;31;531;241
3/6/2024;00314 CASA Olavarría;99%;816;9;23;540;244
10/6/2024;00314 CASA Olavarría;99%;816;6;26;550;234
24/6/2024;00314 CASA Olavarría;99%;814;5;33;610;166
1/7/2024;00314 CASA Olavarría;95%;817;44;47;591;135
8/7/2024;00314 CASA Olavarría;99%;781;10;31;617;123
15/7/2024;00314 CASA Olavarría;98%;783;12;19;620;132
22/7/2024;00314 CASA Olavarría;99%;783;11;22;618;132
29/7/2024;00314 CASA Olavarría;99%;783;8;20;608;147
9/8/2024;00314 CASA Olavarría;98%;783;12;40;594;137
12/8/2024;00314 CASA Olavarría;99%;785;7;26;607;145
19/8/2024;00314 CASA Olavarría;99%;783;8;34;601;140
27/8/2024;00314 CASA Olavarría;98%;780;19;39;579;143
2/9/2024;00314 CASA Olavarría;99%;780;11;37;590;142
9/9/2024;00314 CASA Olavarría;99%;768;11;45;578;134
16/9/2024;00314 CASA Olavarría;98%;768;13;23;591;141
23/9/2024;00314 CASA Olavarría;99%;768;7;30;591;140
30/9/2024;00314 CASA Olavarría;99%;768;7;23;602;136
7/10/2024;00314 CASA Olavarría;99%;768;6;31;574;157
14/10/2024;00314 CASA Olavarría;99%;767;9;34;576;148
22/10/2024;00314 CASA Olavarría;99%;768;11;33;580;144
29/10/2024;00314 CASA Olavarría;99%;767;11;42;574;140
4/11/2024;00314 CASA Olavarría;97%;780;21;46;589;124
11/11/2024;00314 CASA Olavarría;97%;781;20;40;610;111
18/11/2024;00314 CASA Olavarría;98%;763;13;30;596;124
26/11/2024;00314 CASA Olavarría;98%;555;9;24;314;208
2/12/2024;00314 CASA Olavarría;99%;495;5;33;256;201
9/12/2024;00314 CASA Olavarría;98%;495;8;30;267;190
18/12/2024;00314 CASA Olavarría;99%;496;4;15;291;186
23/12/2024;00314 CASA Olavarría;98%;496;12;36;292;156
2/1/2025;00314 CASA Olavarría;98%;496;11;39;297;149
7/1/2025;00314 CASA Olavarría;96%;496;19;41;303;133
14/1/2025;00314 CASA Olavarría;97%;496;14;37;317;128
21/1/2025;00314 CASA Olavarría;98%;496;10;27;327;132
27/1/2025;00314 CASA Olavarría;99%;499;7;36;326;130
3/2/2025;00314 CASA Olavarría;98%;498;11;22;323;142
11/2/2025;00314 CASA Olavarría;97%;498;15;32;326;125
18/2/2025;00314 CASA Olavarría;96%;498;21;24;321;132
7/3/2025;00314 CASA Olavarría;96%;678;28;47;430;173
12/3/2025;00314 CASA Olavarría;96%;500;21;50;317;112
17/3/2025;00314 CASA Olavarría;97%;500;16;28;340;116
31/3/2025;00314 CASA Olavarría;97%;500;17;38;336;109
7/4/2025;00314 CASA Olavarría;97%;677;19;37;437;184
14/4/2025;00314 CASA Olavarría;94%;693;44;55;415;179
22/4/2025;00314 CASA Olavarría;94%;693;44;55;415;179
20/5/2025;00314 CASA Olavarría;96%;691;30;38;457;166
27/5/2025;00314 CASA Olavarría;96%;691;30;26;464;171
2/6/2025;00314 CASA Olavarría;95%;708;36;38;467;167
9/6/2025;00314 CASA Olavarría;95%;709;36;37;459;177
23/6/2025;00314 CASA Olavarría;97%;708;21;32;488;167
17/6/2025;00314 CASA Olavarría;98%;708;14;17;500;177
30/6/2025;00314 CASA Olavarría;96%;709;27;29;478;175
7/7/2025;00314 CASA Olavarría;95%;709;34;37;466;172
15/7/2025;00314 CASA Olavarría;94%;709;41;35;479;154
25/7/2025;00314 CASA Olavarría;97%;710;24;30;502;154
12/8/2025;00314 CASA Olavarría;97%;713;24;33;499;157
19/8/2025;00314 CASA Olavarría;98%;710;16;40;496;158
26/8/2025;00314 CASA Olavarría;97%;710;20;31;494;165
1/9/2025;00314 CASA Olavarría;97%;712;18;32;503;159
8/9/2025;00314 CASA Olavarría;96%;710;26;49;493;142
18/9/2025;00314 CASA Olavarría;98%;710;16;26;522;146
24/9/2025;00314 CASA Olavarría;98%;711;14;25;522;150
29/9/2025;00314 CASA Olavarría;97%;715;20;35;517;143
6/10/2025;00314 CASA Olavarría;98%;716;14;23;528;151
20/5/2024;00341 Mov. Suelos San Luis;97%;511;14;43;268;186
27/5/2024;00341 Mov. Suelos San Luis;96%;508;20;55;291;142
3/6/2024;00341 Mov. Suelos San Luis;99%;510;7;35;297;171
10/6/2024;00341 Mov. Suelos San Luis;99%;412;6;41;291;74
24/6/2024;00341 Mov. Suelos San Luis;100%;513;2;41;320;150
1/7/2024;00341 Mov. Suelos San Luis;99%;514;6;48;362;98
8/7/2024;00341 Mov. Suelos San Luis;99%;514;7;42;368;97
15/7/2024;00341 Mov. Suelos San Luis;98%;514;9;54;356;95
22/7/2024;00341 Mov. Suelos San Luis;98%;514;10;47;363;94
29/7/2024;00341 Mov. Suelos San Luis;98%;516;11;47;359;99
9/8/2024;00341 Mov. Suelos San Luis;98%;516;9;44;352;111
12/8/2024;00341 Mov. Suelos San Luis;98%;517;10;39;358;110
19/8/2024;00341 Mov. Suelos San Luis;98%;519;11;48;355;105
27/8/2024;00341 Mov. Suelos San Luis;97%;519;13;43;357;106
2/9/2024;00341 Mov. Suelos San Luis;97%;518;16;45;362;95
9/9/2024;00341 Mov. Suelos San Luis;96%;519;19;37;363;100
16/9/2024;00341 Mov. Suelos San Luis;98%;519;9;34;372;104
23/9/2024;00341 Mov. Suelos San Luis;93%;519;34;44;344;97
30/9/2024;00341 Mov. Suelos San Luis;97%;494;16;60;325;93
7/10/2024;00341 Mov. Suelos San Luis;97%;494;15;56;330;93
14/10/2024;00341 Mov. Suelos San Luis;100%;484;2;26;340;116
22/10/2024;00341 Mov. Suelos San Luis;97%;484;14;33;332;105
29/10/2024;00341 Mov. Suelos San Luis;98%;477;11;45;327;94
4/11/2024;00341 Mov. Suelos San Luis;97%;477;16;55;322;84
11/11/2024;00341 Mov. Suelos San Luis;98%;477;10;52;331;84
18/11/2024;00341 Mov. Suelos San Luis;98%;478;8;36;338;96
26/11/2024;00341 Mov. Suelos San Luis;99%;478;7;42;342;87
2/12/2024;00341 Mov. Suelos San Luis;99%;479;7;34;343;95
9/12/2024;00341 Mov. Suelos San Luis;99%;479;5;39;358;77
18/12/2024;00341 Mov. Suelos San Luis;100%;479;2;33;357;87
23/12/2024;00341 Mov. Suelos San Luis;99%;475;7;37;351;80
2/1/2025;00341 Mov. Suelos San Luis;100%;475;2;43;347;83
7/1/2025;00341 Mov. Suelos San Luis;99%;475;3;39;348;85
14/1/2025;00341 Mov. Suelos San Luis;99%;475;7;52;343;73
21/1/2025;00341 Mov. Suelos San Luis;99%;476;7;52;344;73
27/1/2025;00341 Mov. Suelos San Luis;98%;475;9;44;352;70
3/2/2025;00341 Mov. Suelos San Luis;97%;475;14;69;334;58
11/2/2025;00341 Mov. Suelos San Luis;95%;475;26;61;330;58
18/2/2025;00341 Mov. Suelos San Luis;94%;475;30;61;327;57
7/3/2025;00341 Mov. Suelos San Luis;98%;475;10;66;330;69
12/3/2025;00341 Mov. Suelos San Luis;97%;478;15;70;331;62
17/3/2025;00341 Mov. Suelos San Luis;96%;482;17;56;335;74
31/3/2025;00341 Mov. Suelos San Luis;96%;482;18;46;318;100
7/4/2025;00341 Mov. Suelos San Luis;98%;482;10;45;323;104
14/4/2025;00341 Mov. Suelos San Luis;98%;482;12;69;305;96
22/4/2025;00341 Mov. Suelos San Luis;98%;482;12;69;305;96
20/5/2025;00341 Mov. Suelos San Luis;96%;488;19;56;328;85
27/5/2025;00341 Mov. Suelos San Luis;95%;489;23;64;323;79
2/6/2025;00341 Mov. Suelos San Luis;95%;210;10;35;126;39
9/6/2025;00341 Mov. Suelos San Luis;96%;490;20;44;349;77
23/6/2025;00341 Mov. Suelos San Luis;97%;487;14;27;351;95
17/6/2025;00341 Mov. Suelos San Luis;97%;487;14;26;357;90
30/6/2025;00341 Mov. Suelos San Luis;96%;487;18;42;331;96
7/7/2025;00341 Mov. Suelos San Luis;96%;487;20;55;321;91
15/7/2025;00341 Mov. Suelos San Luis;98%;487;10;54;335;88
25/7/2025;00341 Mov. Suelos San Luis;98%;487;12;49;339;87
12/8/2025;00341 Mov. Suelos San Luis;99%;487;4;43;338;102
19/8/2025;00341 Mov. Suelos San Luis;99%;487;5;60;322;100
26/8/2025;00341 Mov. Suelos San Luis;100%;487;1;44;333;109
1/9/2025;00341 Mov. Suelos San Luis;99%;478;7;51;315;105
8/9/2025;00341 Mov. Suelos San Luis;99%;478;5;43;326;104
18/9/2025;00341 Mov. Suelos San Luis;100%;478;2;44;333;99
24/9/2025;00341 Mov. Suelos San Luis;98%;480;8;48;331;93
29/9/2025;00341 Mov. Suelos San Luis;98%;480;11;61;330;78
6/10/2025;00341 Mov. Suelos San Luis;99%;480;7;56;336;81
20/5/2024;00359-TR Obra civil Luján de Cuyo;88%;369;46;25;122;176
27/5/2024;00359-TR Obra civil Luján de Cuyo;93%;350;25;26;123;176
4/6/2024;00359-TR Obra civil Luján de Cuyo;93%;357;26;22;150;159
14/6/2024;00359-TR Obra civil Luján de Cuyo;92%;357;27;23;152;155
1/7/2024;00359-TR Obra civil Luján de Cuyo;94%;347;20;26;171;130
8/7/2024;00359-TR Obra civil Luján de Cuyo;95%;347;19;34;174;120
15/7/2024;00359-TR Obra civil Luján de Cuyo;93%;347;25;38;162;122
22/7/2024;00359-TR Obra civil Luján de Cuyo;90%;347;34;41;152;120
29/7/2024;00359-TR Obra civil Luján de Cuyo;93%;347;26;34;160;127
9/8/2024;00359-TR Obra civil Luján de Cuyo;82%;347;62;52;142;91
12/8/2024;00359-TR Obra civil Luján de Cuyo;82%;347;63;51;143;90
19/8/2024;00359-TR Obra civil Luján de Cuyo;82%;347;64;57;137;89
27/8/2024;00359-TR Obra civil Luján de Cuyo;83%;347;59;54;141;93
2/9/2024;00359-TR Obra civil Luján de Cuyo;82%;347;62;56;140;89
9/9/2024;00359-TR Obra civil Luján de Cuyo;97%;282;8;62;137;75
16/9/2024;00359-TR Obra civil Luján de Cuyo;96%;282;12;62;143;65
23/9/2024;00359-TR Obra civil Luján de Cuyo;96%;282;12;62;144;64
30/9/2024;00359-TR Obra civil Luján de Cuyo;94%;282;16;58;146;62
7/10/2024;00359-TR Obra civil Luján de Cuyo;98%;282;5;55;146;76
14/10/2024;00359-TR Obra civil Luján de Cuyo;98%;282;5;57;145;75
22/10/2024;00359-TR Obra civil Luján de Cuyo;96%;282;11;56;134;81
29/10/2024;00359-TR Obra civil Luján de Cuyo;97%;278;7;41;228;2
4/11/2024;00359-TR Obra civil Luján de Cuyo;93%;278;19;47;209;3
11/11/2024;00359-TR Obra civil Luján de Cuyo;92%;278;21;49;205;3
18/11/2024;00359-TR Obra civil Luján de Cuyo;98%;278;5;50;206;17
26/11/2024;00359-TR Obra civil Luján de Cuyo;98%;244;4;47;177;16
2/12/2024;00359-TR Obra civil Luján de Cuyo;100%;236;0;12;224;0
9/12/2024;00359-TR Obra civil Luján de Cuyo;100%;236;0;19;217;0
18/12/2024;00359-TR Obra civil Luján de Cuyo;94%;236;15;21;194;6
23/12/2024;00359-TR Obra civil Luján de Cuyo;93%;236;17;22;191;6
2/1/2025;00359-TR Obra civil Luján de Cuyo;93%;236;17;28;185;6
7/1/2025;00359-TR Obra civil Luján de Cuyo;92%;236;19;29;183;5
14/1/2025;00359-TR Obra civil Luján de Cuyo;65%;217;77;22;111;7
21/1/2025;00359-TR Obra civil Luján de Cuyo;58%;217;91;32;90;4
21/1/2025;00359-TR Obra civil Luján de Cuyo;54%;217;100;35;78;4
27/1/2025;00359-TR Obra civil Luján de Cuyo;54%;217;100;35;78;4
3/2/2025;00359-TR Obra civil Luján de Cuyo;54%;217;100;35;78;4
11/2/2025;00359-TR Obra civil Luján de Cuyo;33%;217;145;22;49;1
23/9/2024;00369-YPF OLEODUCTO PR-LP PK-451;7%;296;274;5;5;12
30/9/2024;00369-YPF OLEODUCTO PR-LP PK-451;14%;250;214;16;4;16
7/10/2024;00369-YPF OLEODUCTO PR-LP PK-451;14%;384;331;21;10;22
14/10/2024;00369-YPF OLEODUCTO PR-LP PK-451;67%;384;125;22;194;43
22/10/2024;00369-YPF OLEODUCTO PR-LP PK-451;89%;384;43;15;285;41
29/10/2024;00369-YPF OLEODUCTO PR-LP PK-451;92%;384;30;12;301;41
4/11/2024;00369-YPF OLEODUCTO PR-LP PK-451;91%;384;33;18;296;37
11/11/2024;00369-YPF OLEODUCTO PR-LP PK-451;95%;384;21;19;312;32
18/11/2024;00369-YPF OLEODUCTO PR-LP PK-451;97%;356;11;20;290;35
26/11/2024;00369-YPF OLEODUCTO PR-LP PK-451;96%;356;13;28;271;44
2/12/2024;00369-YPF OLEODUCTO PR-LP PK-451;97%;360;11;21;275;53
9/12/2024;00369-YPF OLEODUCTO PR-LP PK-451;98%;360;7;29;270;54
18/12/2024;00369-YPF OLEODUCTO PR-LP PK-451;95%;369;18;65;229;57
23/12/2024;00369-YPF OLEODUCTO PR-LP PK-451;98%;369;8;76;228;57
2/1/2025;00369-YPF OLEODUCTO PR-LP PK-451;98%;369;8;76;228;57
7/1/2025;00369-YPF OLEODUCTO PR-LP PK-451;96%;376;15;76;228;57
14/1/2025;00369-YPF OLEODUCTO PR-LP PK-451;98%;408;10;41;156;201
21/1/2025;00369-YPF OLEODUCTO PR-LP PK-451;95%;421;20;41;160;200
27/1/2025;00369-YPF OLEODUCTO PR-LP PK-451;97%;421;12;52;168;189
3/2/2025;00369-YPF OLEODUCTO PR-LP PK-451;98%;421;8;67;168;178
11/2/2025;00369-YPF OLEODUCTO PR-LP PK-451;98%;425;10;59;188;168
18/2/2025;00369-YPF OLEODUCTO PR-LP PK-451;95%;413;20;59;167;167
7/3/2025;00369-YPF OLEODUCTO PR-LP PK-451;98%;405;10;45;188;162
12/3/2025;00369-YPF OLEODUCTO PR-LP PK-451;97%;405;11;57;177;160
17/3/2025;00369-YPF OLEODUCTO PR-LP PK-451;96%;409;18;61;173;157
31/3/2025;00369-YPF OLEODUCTO PR-LP PK-451;97%;415;14;46;200;155
7/4/2025;00369-YPF OLEODUCTO PR-LP PK-451;95%;419;19;62;185;153
14/4/2025;00369-YPF OLEODUCTO PR-LP PK-451;76%;507;121;66;138;182
22/4/2025;00369-YPF OLEODUCTO PR-LP PK-451;76%;507;121;66;138;182
20/5/2025;00369-YPF OLEODUCTO PR-LP PK-451;94%;423;26;54;173;170
27/5/2025;00369-YPF OLEODUCTO PR-LP PK-451;96%;423;15;45;192;171
2/6/2025;00369-YPF OLEODUCTO PR-LP PK-451;98%;419;7;40;198;174
9/6/2025;00369-YPF OLEODUCTO PR-LP PK-451;98%;418;10;60;179;169
23/4/2025;00369-YPF OLEODUCTO PR-LP PK-451;99%;78;1;15;47;15
17/6/2025;00369-YPF OLEODUCTO PR-LP PK-451;96%;78;3;15;45;15
30/6/2025;00369-YPF OLEODUCTO PR-LP PK-451;100%;75;0;16;47;12
7/7/2025;00369-YPF OLEODUCTO PR-LP PK-451;95%;75;4;19;40;12
15/7/2025;00369-YPF OLEODUCTO PR-LP PK-451;98%;52;1;19;26;6
25/7/2025;00369-YPF OLEODUCTO PR-LP PK-451;98%;52;1;22;23;6
12/8/2025;00369-YPF OLEODUCTO PR-LP PK-451;97%;36;1;6;15;14
19/8/2025;00369-YPF OLEODUCTO PR-LP PK-451;86%;36;5;11;13;7
26/8/2025;00369-YPF OLEODUCTO PR-LP PK-451;100%;3;0;1;1;1
1/9/2025;00369-YPF OLEODUCTO PR-LP PK-451;100%;3;0;2;0;1
7/1/2025;00364-FLOWLINE YPF;99%;86;1;13;65;7
14/1/2025;00364-FLOWLINE YPF;97%;86;3;17;61;5
21/1/2025;00364-FLOWLINE YPF;94%;86;5;22;53;6
27/1/2025;00364-FLOWLINE YPF;94%;86;5;26;49;6
3/2/2025;00364-FLOWLINE YPF;94%;86;5;26;49;6
11/2/2025;00364-FLOWLINE YPF;93%;86;6;26;46;8
18/2/2025;00364-FLOWLINE YPF;91%;86;8;24;46;8
7/3/2025;00364-FLOWLINE YPF;88%;86;10;31;37;8
12/3/2025;00364-FLOWLINE YPF;81%;86;16;37;30;3
17/3/2025;00364-FLOWLINE YPF;81%;86;16;37;30;3
31/3/2025;00364-FLOWLINE YPF;79%;86;18;37;29;2
7/4/2025;00364-FLOWLINE YPF;79%;86;18;38;28;2
14/4/2025;00364-FLOWLINE YPF;79%;86;18;38;28;2
22/4/2025;00364-FLOWLINE YPF;79%;86;18;38;28;2
7/1/2025;00367–Newmont Fase 4A Recrec Dique;95%;837;43;104;580;110
14/1/2025;00367–Newmont Fase 4A Recrec Dique;98%;826;13;55;624;134
21/1/2025;00367–Newmont Fase 4A Recrec Dique;98%;826;13;55;624;134
27/1/2025;00367–Newmont Fase 4A Recrec Dique;98%;824;19;76;604;125
3/2/2025;00367–Newmont Fase 4A Recrec Dique;98%;824;19;76;604;125
11/2/2025;00367–Newmont Fase 4A Recrec Dique;97%;789;20;85;587;97
18/2/2025;00367–Newmont Fase 4A Recrec Dique;96%;788;32;106;530;120
7/3/2025;00367–Newmont Fase 4A Recrec Dique;93%;769;51;135;465;118
12/3/2025;00367–Newmont Fase 4A Recrec Dique;97%;666;17;68;473;108
17/3/2025;00367–Newmont Fase 4A Recrec Dique;97%;666;20;81;464;101
31/3/2025;00367–Newmont Fase 4A Recrec Dique;94%;666;37;103;429;97
7/4/2025;00367–Newmont Fase 4A Recrec Dique;97%;553;18;62;387;86
14/4/2025;00367–Newmont Fase 4A Recrec Dique;96%;557;23;77;370;87
22/4/2025;00367–Newmont Fase 4A Recrec Dique;96%;557;23;77;370;87
20/5/2025;00367–Newmont Fase 4A Recrec Dique;96%;561;24;70;374;93
27/5/2025;00367–Newmont Fase 4A Recrec Dique;96%;561;25;79;366;91
2/6/2025;00367–Newmont Fase 4A Recrec Dique;95%;561;28;90;358;85
9/2/2025;00367–Newmont Fase 4A Recrec Dique;96%;561;20;66;396;79
23/6/2025;00367–Newmont Fase 4A Recrec Dique;94%;563;36;76;371;80
17/6/2025;00367–Newmont Fase 4A Recrec Dique;95%;564;27;69;386;82
30/6/2025;00367–Newmont Fase 4A Recrec Dique;97%;563;16;60;409;78
7/7/2025;00367–Newmont Fase 4A Recrec Dique;97%;554;17;64;398;75
15/7/2025;00367–Newmont Fase 4A Recrec Dique;96%;553;21;70;389;73
25/7/2025;00367–Newmont Fase 4A Recrec Dique;95%;553;29;74;377;73
12/8/2025;00367–Newmont Fase 4A Recrec Dique;97%;550;16;58;398;78
19/8/2025;00367–Newmont Fase 4A Recrec Dique;95%;548;26;67;382;73
26/8/2025;00367–Newmont Fase 4A Recrec Dique;95%;548;27;76;373;72
1/9/2025;00367–Newmont Fase 4A Recrec Dique;98%;305;5;47;231;22
8/9/2025;00367–Newmont Fase 4A Recrec Dique;98%;335;7;62;241;25
18/9/2025;00367–Newmont Fase 4A Recrec Dique;97%;335;10;71;230;24
7/1/2025;00368-YPF Acueducto TBH;95%;634;27;55;460;92
14/1/2025;00368-YPF Acueducto TBH;96%;634;26;39;480;89
21/1/2025;00368-YPF Acueducto TBH;96%;633;25;40;479;89
27/1/2025;00368-YPF Acueducto TBH;94%;640;41;77;435;87
3/2/2025;00368-YPF Acueducto TBH;94%;640;41;77;435;87
11/2/2025;00368-YPF Acueducto TBH;92%;644;54;72;438;80
18/2/2025;00368-YPF Acueducto TBH;92%;627;52;55;347;173
7/3/2025;00368-YPF Acueducto TBH;87%;627;79;69;320;159
12/3/2025;00368-YPF Acueducto TBH;86%;627;89;70;314;154
17/3/2025;00368-YPF Acueducto TBH;92%;627;48;50;368;161
31/3/2025;00368-YPF Acueducto TBH;95%;632;30;67;383;152
7/4/2025;00368-YPF Acueducto TBH;96%;631;23;62;396;150
14/4/2025;00368-YPF Acueducto TBH;93%;638;47;59;389;143
22/4/2025;00368-YPF Acueducto TBH;93%;638;47;59;389;143
20/5/2025;00368-YPF Acueducto TBH;96%;561;24;70;374;93
27/5/2025;00368-YPF Acueducto TBH;90%;649;67;70;400;112
5/6/2025;00368-YPF Acueducto TBH;96%;647;26;41;464;116
9/6/2025;00368-YPF Acueducto TBH;95%;657;31;93;421;112
23/4/2025;00368-YPF Acueducto TBH;97%;657;21;58;467;111
17/6/2025;00368-YPF Acueducto TBH;95%;564;27;69;386;82
30/6/2025;00368-YPF Acueducto TBH;92%;661;54;101;399;107
7/7/2025;00368-YPF Acueducto TBH;94%;668;39;84;431;114
15/7/2025;00368-YPF Acueducto TBH;95%;666;31;88;437;110
25/7/2025;00368-YPF Acueducto TBH;98%;666;12;44;468;142
12/8/2025;00368-YPF Acueducto TBH;95%;661;31;117;375;138
19/8/2025;00368-YPF Acueducto TBH;98%;660;13;66;443;138
26/8/2025;00368-YPF Acueducto TBH;97%;662;20;93;422;127
1/9/2025;00368-YPF Acueducto TBH;98%;662;12;66;462;122
8/9/2025;00368-YPF Acueducto TBH;98%;661;15;74;460;112
18/9/2025;00368-YPF Acueducto TBH;96%;661;24;72;452;113
24/9/2025;00368-YPF Acueducto TBH;99%;661;9;83;453;116
29/9/2025;00368-YPF Acueducto TBH;98%;662;14;99;433;116
6/10/2025;00368-YPF Acueducto TBH;95%;662;30;119;400;113
7/1/2025;00371 Veladero F8A;39%;944;577;89;198;80
14/1/2025;00371 Veladero F8A;83%;871;145;124;452;150
21/1/2025;00371 Veladero F8A;83%;873;147;124;452;150
27/1/2025;00371 Veladero F8A;83%;910;152;137;470;151
3/2/2025;00371 Veladero F8A;83%;910;152;137;470;151
11/2/2025;00371 Veladero F8A;85%;908;133;226;446;103
18/2/2025;00371 Veladero F8A;90%;908;92;210;485;121
7/3/2025;00371 Veladero F8A;94%;915;59;146;592;118
12/3/2025;00371 Veladero F8A;95%;914;44;170;582;118
17/3/2025;00371 Veladero F8A;94%;914;51;146;606;111
31/3/2025;00371 Veladero F8A;96%;380;15;75;272;18
7/4/2025;00371 Veladero F8A;100%;886;0;0;59;827
22/4/2025;00371 Veladero F8A;100%;877;1;65;811;0
20/5/2025;00371 Veladero F8A;100%;859;0;0;65;794
21/1/2025;00374 TERMINAL PUNTA COLORADA;0%;286;286;0;0;0
27/1/2025;00374 TERMINAL PUNTA COLORADA;12%;286;253;20;13;0
3/2/2025;00374 TERMINAL PUNTA COLORADA;12%;286;253;20;13;0
11/2/2025;00374 TERMINAL PUNTA COLORADA;24%;680;514;144;20;2
18/2/2025;00374 TERMINAL PUNTA COLORADA;39%;685;418;123;128;16
7/3/2025;00374 TERMINAL PUNTA COLORADA;54%;684;315;70;272;27
12/3/2025;00374 TERMINAL PUNTA COLORADA;54%;684;316;70;271;27
17/3/2025;00374 TERMINAL PUNTA COLORADA;74%;684;180;35;407;62
31/3/2025;00374 TERMINAL PUNTA COLORADA;87%;618;80;31;362;145
7/4/2025;00374 TERMINAL PUNTA COLORADA;88%;674;84;59;381;150
14/4/2025;00374 TERMINAL PUNTA COLORADA;89%;673;73;75;396;129
22/4/2025;00374 TERMINAL PUNTA COLORADA;89%;673;73;75;396;129
20/5/2025;00374 TERMINAL PUNTA COLORADA;82%;790;144;82;457;107
27/5/2025;00374 TERMINAL PUNTA COLORADA;93%;790;52;79;558;101
2/6/2025;00374 TERMINAL PUNTA COLORADA;94%;794;47;84;561;102
9/6/2025;00374 TERMINAL PUNTA COLORADA;93%;819;54;90;554;121
23/6/2025;00374 TERMINAL PUNTA COLORADA;93%;819;61;104;541;113
17/6/2025;00374 TERMINAL PUNTA COLORADA;93%;819;54;106;538;121
30/6/2025;00374 TERMINAL PUNTA COLORADA;95%;825;44;66;584;131
7/7/2025;00374 TERMINAL PUNTA COLORADA;95%;831;41;67;597;126
15/7/2025;00374 TERMINAL PUNTA COLORADA;97%;830;23;49;629;129
25/7/2025;00374 TERMINAL PUNTA COLORADA;95%;835;38;69;605;123
12/8/2025;00374 TERMINAL PUNTA COLORADA;95%;885;41;74;646;124
19/8/2025;00374 TERMINAL PUNTA COLORADA;97%;885;24;62;685;114
26/8/2025;00374 TERMINAL PUNTA COLORADA;98%;891;22;46;712;111
1/9/2025;00374 TERMINAL PUNTA COLORADA;99%;720;7;38;585;90
8/9/2025;00374 TERMINAL PUNTA COLORADA;97%;874;24;42;692;116
18/9/2025;00374 TERMINAL PUNTA COLORADA;96%;874;32;71;672;99
24/9/2025;00374 TERMINAL PUNTA COLORADA;97%;880;27;46;694;113
29/9/2025;00374 TERMINAL PUNTA COLORADA;96%;866;34;65;670;97
6/10/2025;00374 TERMINAL PUNTA COLORADA;96%;866;32;70;669;95
20/5/2025;00375 YPF OLEODUCTO PR-LP;8%;397;367;12;8;10
27/5/2025;00375 YPF OLEODUCTO PR-LP;12%;471;415;14;24;18
2/6/2025;00375 YPF OLEODUCTO PR-LP;52%;467;222;24;181;40
9/6/2025;00375 YPF OLEODUCTO PR-LP;93%;819;54;90;554;121
24/6/2025;00375 YPF OLEODUCTO PR-LP;78%;468;101;43;264;60
17/6/2025;00375 YPF OLEODUCTO PR-LP;82%;468;84;34;292;58
30/6/2025;00375 YPF OLEODUCTO PR-LP;90%;468;49;38;311;70
7/7/2025;00375 YPF OLEODUCTO PR-LP;95%;462;25;42;331;64
15/7/2025;00375 YPF OLEODUCTO PR-LP;97%;462;15;43;342;62
25/7/2025;00375 YPF OLEODUCTO PR-LP;96%;462;18;32;352;60
12/8/2025;00375 YPF OLEODUCTO PR-LP;98%;462;7;21;375;59
19/8/2025;00375 YPF OLEODUCTO PR-LP;99%;462;5;15;383;59
26/8/2025;00375 YPF OLEODUCTO PR-LP;98%;462;11;12;380;59
1/9/2025;00375 YPF OLEODUCTO PR-LP;99%;463;4;6;392;61
8/9/2025;00375 YPF OLEODUCTO PR-LP;99%;463;6;18;375;64
18/9/2025;00375 YPF OLEODUCTO PR-LP;97%;463;14;25;319;105
24/9/2025;00375 YPF OLEODUCTO PR-LP;97%;463;12;24;300;127
29/9/2025;00375 YPF OLEODUCTO PR-LP;97%;463;12;24;300;127
6/10/2025;00375 YPF OLEODUCTO PR-LP;98%;463;10;24;287;142
26/8/2025;0376 VELADERO FASE 8B /SAN JUAN;8%;870;802;7;10;51
1/9/2025;0376 VELADERO FASE 8B /SAN JUAN;8%;870;797;10;11;52
8/9/2025;0376 VELADERO FASE 8B /SAN JUAN;8%;871;798;11;11;51
18/9/2025;0376 VELADERO FASE 8B /SAN JUAN;88%;873;105;182;425;161
24/9/2025;0376 VELADERO FASE 8B /SAN JUAN;89%;878;100;148;469;161
29/9/2025;0376 VELADERO FASE 8B /SAN JUAN;98%;878;15;32;658;173
6/10/2025;0376 VELADERO FASE 8B /SAN JUAN;98%;882;19;53;644;166
19/8/2025;00372 UTE 372 GEO POSCO II;39%;241;148;19;58;16
25/8/2025;00372 UTE 372 GEO POSCO II;38%;241;149;20;57;15
1/9/2025;00372 UTE 372 GEO POSCO II;46%;671;365;41;172;93
8/9/2025;00372 UTE 372 GEO POSCO II;78%;378;82;28;190;78
18/9/2025;00372 UTE 372 GEO POSCO II;83%;383;64;36;214;69
29/9/2025;00372 UTE 372 GEO POSCO II;79%;404;83;46;190;85
6/10/2025;00372 UTE 372 GEO POSCO II;83%;405;70;46;184;105
13/10/2025;00223 Comp Amb Santa Fe;99%;201;3;16;153;29
13/10/2025;00314 CASA Olavarría;96%;714;30;40;502;142
13/10/2025;00341 Mov. Suelos San Luis;97%;479;14;64;334;67
13/10/2025;00365 RIO TINTO;85%;667;103;86;205;273
13/10/2025;00368-YPF Acueducto TBH;94%;661;42;127;383;109
13/10/2025;00374 TERMINAL PUNTA COLORADA;96%;867;32;65;649;121
13/10/2025;00375 YPF OLEODUCTO PR-LP;96%;466;20;23;287;136
13/10/2025;0376 VELADERO FASE 8B /SAN JUAN;97%;881;23;54;645;159
13/10/2025;00372 UTE 372 GEO POSCO II;85%;403;59;46;188;110
20/5/2024;00365 RIO TINTO;19%;804;654;35;108;7
27/5/2024;00365 RIO TINTO;22%;709;555;38;106;10
3/6/2024;00365 RIO TINTO;27%;654;478;44;122;10
10/6/2024;00365 RIO TINTO;26%;679;504;46;119;10
24/6/2024;00365 RIO TINTO;29%;679;484;47;78;70
1/7/2024;00365 RIO TINTO;44%;436;243;48;86;59
8/7/2024;00365 RIO TINTO;53%;436;206;74;84;72
15/7/2024;00365 RIO TINTO;89%;436;49;92;199;96
22/7/2024;00365 RIO TINTO;75%;436;107;110;128;91
29/7/2024;00365 RIO TINTO;84%;436;68;127;148;93
9/8/2024;00365 RIO TINTO;72%;563;160;115;176;112
12/8/2024;00365 RIO TINTO;72%;563;158;115;176;114
19/8/2024;00365 RIO TINTO;61%;563;219;84;114;146
27/8/2024;00365 RIO TINTO;69%;726;227;59;114;326
2/9/2024;00365 RIO TINTO;70%;507;154;41;93;219
9/9/2024;00365 RIO TINTO;79%;456;97;34;92;233
16/9/2024;00365 RIO TINTO;77%;456;104;33;91;228
23/9/2024;00365 RIO TINTO;85%;456;68;28;113;247
30/9/2024;00365 RIO TINTO;87%;436;55;38;105;238
7/10/2024;00365 RIO TINTO;90%;436;44;29;121;242
14/10/2024;00365 RIO TINTO;86%;398;57;26;91;224
22/10/2024;00365 RIO TINTO;84%;398;63;24;93;218
29/10/2024;00365 RIO TINTO;75%;440;109;38;92;201
4/11/2024;00365 RIO TINTO;76%;440;104;39;96;201
11/11/2024;00365 RIO TINTO;67%;440;145;53;99;143
18/11/2024;00365 RIO TINTO;62%;440;168;58;86;128
26/11/2024;00365 RIO TINTO;73%;440;121;55;100;164
2/12/2024;00365 RIO TINTO;73%;440;120;56;99;165
9/12/2024;00365 RIO TINTO;25%;440;329;21;29;61
18/12/2024;00365 RIO TINTO;67%;441;144;51;89;157
23/12/2024;00365 RIO TINTO;67%;441;144;51;89;157
2/1/2025;00365 RIO TINTO;51%;441;214;52;78;97
7/1/2025;00365 RIO TINTO;51%;441;214;52;78;97
14/1/2025;00365 RIO TINTO;6%;51;48;0;1;2
21/1/2025;00365 RIO TINTO;6%;51;48;0;1;2
27/1/2025;00365 RIO TINTO;6%;51;48;0;1;2
3/2/2025;00365 RIO TINTO;6%;51;48;0;1;2
11/2/2025;00365 RIO TINTO;6%;51;48;0;1;2
18/2/2025;00365 RIO TINTO;6%;51;48;0;1;2
7/3/2025;00365 RIO TINTO;6%;51;48;0;1;2
12/3/2025;00365 RIO TINTO;6%;51;48;0;1;2
17/3/2025;00365 RIO TINTO;6%;51;48;0;1;2
31/3/2025;00365 RIO TINTO;6%;51;48;0;1;2
22/4/2025;00365 RIO TINTO;58%;556;234;81;94;147
22/5/2025;00365 RIO TINTO;53%;644;305;95;101;143
27/5/2025;00365 RIO TINTO;56%;644;284;85;121;154
2/6/2025;00365 RIO TINTO;55%;627;285;81;107;154
9/6/2025;00365 RIO TINTO;56%;627;278;65;114;170
23/6/2025;00365 RIO TINTO;71%;634;185;56;189;204
30/6/2025;00365 RIO TINTO;72%;545;154;56;164;171
7/7/2025;00365 RIO TINTO;74%;567;148;44;182;193
15/7/2025;00365 RIO TINTO;73%;566;150;45;179;192
25/7/2025;00365 RIO TINTO;86%;566;77;13;187;289
12/8/2025;00365 RIO TINTO;80%;628;126;38;177;287
19/8/2025;00365 RIO TINTO;84%;628;99;44;215;270
26/8/2025;00365 RIO TINTO;86%;628;89;52;223;264
1/9/2025;00365 RIO TINTO;87%;660;83;77;211;289
8/9/2025;00365 RIO TINTO;89%;656;74;67;203;312
18/9/2025;00365 RIO TINTO;87%;679;91;89;212;287
24/9/2025;00365 RIO TINTO;81%;696;130;130;174;262
29/9/2025;00365 RIO TINTO;86%;696;99;119;190;288
6/10/2025;00365 RIO TINTO;88%;696;85;105;233;273
13/10/2025;00365 RIO TINTO;85%;667;103;86;205;273
20/10/2025;00223 Comp Amb Santa Fe;87%;201;26;15;134;26
27/10/2025;00223 Comp Amb Santa Fe;92%;201;16;15;143;27
3/11/2025;00223 Comp Amb Santa Fe;100%;201;0;13;160;28
10/11/2025;00223 Comp Amb Santa Fe;100%;181;0;7;142;32
17/11/2025;00223 Comp Amb Santa Fe;94%;165;10;11;116;28
25/11/2025;00223 Comp Amb Santa Fe;94%;165;10;12;116;27
20/10/2025;00314 CASA Olavarría;95%;716;33;45;494;144
27/10/2025;00314 CASA Olavarría;94%;718;44;50;480;144
3/11/2025;00314 CASA Olavarría;93%;720;48;51;471;150
10/11/2025;00314 CASA Olavarría;96%;720;27;43;483;167
17/11/2025;00314 CASA Olavarría;98%;725;18;28;512;167
25/11/2025;00314 CASA Olavarría;95%;726;34;27;506;159
20/10/2025;00341 Mov. Suelos San Luis;97%;479;12;49;341;77
27/10/2025;00341 Mov. Suelos San Luis;99%;479;7;42;334;96
3/11/2025;00341 Mov. Suelos San Luis;99%;479;4;33;344;98
10/11/2025;00341 Mov. Suelos San Luis;99%;479;5;41;336;97
17/11/2025;00341 Mov. Suelos San Luis;99%;479;3;43;337;96
25/11/2025;00341 Mov. Suelos San Luis;99%;479;7;46;334;92
20/10/2025;00365 RIO TINTO;84%;667;110;98;191;268
27/10/2025;00365 RIO TINTO;83%;667;113;100;192;262
3/11/2025;00365 RIO TINTO;90%;667;66;96;235;270
10/11/2025;00365 RIO TINTO;90%;662;66;87;234;275
17/11/2025;00365 RIO TINTO;91%;664;60;98;222;284
25/11/2025;00365 RIO TINTO;91%;664;59;93;233;279
20/10/2025;00368-YPF Acueducto TBH;98%;661;16;82;449;114
27/10/2025;00368-YPF Acueducto TBH;96%;661;24;124;401;112
3/11/2025;00368-YPF Acueducto TBH;96%;631;24;99;401;107
10/11/2025;00368-YPF Acueducto TBH;97%;616;18;84;412;102
17/11/2025;00368-YPF Acueducto TBH;97%;604;19;71;415;99
25/11/2025;00368-YPF Acueducto TBH;96%;604;23;78;407;96
20/10/2025;00374 TERMINAL PUNTA COLORADA;97%;867;24;52;667;124
27/10/2025;00374 TERMINAL PUNTA COLORADA;83%;1016;174;75;635;132
3/11/2025;00374 TERMINAL PUNTA COLORADA;83%;1024;171;40;620;193
10/11/2025;00374 TERMINAL PUNTA COLORADA;90%;1017;105;62;630;220
17/11/2025;00374 TERMINAL PUNTA COLORADA;91%;1015;94;89;629;203
25/11/2025;00374 TERMINAL PUNTA COLORADA;93%;1012;73;54;672;213
20/10/2025;00375 YPF OLEODUCTO PR-LP;95%;466;21;33;287;125
27/10/2025;00375 YPF OLEODUCTO PR-LP;98%;465;11;21;305;128
3/11/2025;00375 YPF OLEODUCTO PR-LP;97%;465;13;32;294;126
10/11/2025;00375 YPF OLEODUCTO PR-LP;94%;465;26;34;287;118
17/11/2025;00375 YPF OLEODUCTO PR-LP;96%;465;18;28;305;114
25/11/2025;00375 YPF OLEODUCTO PR-LP;97%;465;13;26;313;113
20/10/2025;0376 VELADERO FASE 8B /SAN JUAN;99%;881;12;51;671;147
27/10/2025;0376 VELADERO FASE 8B /SAN JUAN;98%;880;15;63;655;147
3/11/2025;0376 VELADERO FASE 8B /SAN JUAN;97%;885;30;93;624;138
10/11/2025;0376 VELADERO FASE 8B /SAN JUAN;97%;889;31;83;645;130
17/11/2025;0376 VELADERO FASE 8B /SAN JUAN;97%;889;23;96;646;124
25/11/2025;0376 VELADERO FASE 8B /SAN JUAN;96%;894;40;139;598;117
20/10/2025;00372 UTE 372 GEO POSCO II;85%;403;61;55;169;118
27/10/2025;00372 UTE 372 GEO POSCO II;88%;403;48;54;157;144
3/11/2025;00372 UTE 372 GEO POSCO II;92%;403;32;49;178;144
10/11/2025;00372 UTE 372 GEO POSCO II;91%;405;36;56;180;133
17/11/2025;00372 UTE 372 GEO POSCO II;93%;404;30;50;188;136
25/11/2025;00372 UTE 372 GEO POSCO II;95%;401;22;38;209;132
1/12/2025;00223 Comp Amb Santa Fe;99%;165;2;14;123;26
9/12/2025;00223 Comp Amb Santa Fe;97%;165;5;15;116;29
15/12/2025;00223 Comp Amb Santa Fe;97%;165;5;18;114;28
22/12/2025;00223 Comp Amb Santa Fe;92%;165;13;19;108;25
1/12/2025;00314 CASA Olavarría;96%;726;30;23;491;182
9/12/2025;00314 CASA Olavarría;97%;726;23;29;501;173
15/12/2025;00314 CASA Olavarría;97%;726;21;32;504;169
22/12/2025;00314 CASA Olavarría;97%;726;21;19;509;177
1/12/2025;00341 Mov. Suelos San Luis;98%;479;9;49;328;93
9/12/2025;00341 Mov. Suelos San Luis;97%;479;15;48;332;84
15/12/2025;00341 Mov. Suelos San Luis;98%;480;8;43;344;85
22/12/2025;00341 Mov. Suelos San Luis;98%;480;8;36;345;91
1/12/2025;00365 RIO TINTO;89%;714;81;161;220;252
9/12/2025;00365 RIO TINTO;87%;714;92;162;211;249
22/12/2025;00365 RIO TINTO;89%;714;75;138;233;268
1/12/2025;00368-YPF Acueducto TBH;95%;602;31;82;394;95
9/12/2025;00368-YPF Acueducto TBH;97%;592;16;76;406;94
15/12/2025;00368-YPF Acueducto TBH;97%;592;17;66;419;90
22/12/2025;00368-YPF Acueducto TBH;97%;592;19;65;414;94
1/12/2025;00374 TERMINAL PUNTA COLORADA;96%;1012;42;76;662;232
9/12/2025;00374 TERMINAL PUNTA COLORADA;95%;1013;53;80;682;198
15/12/2025;00374 TERMINAL PUNTA COLORADA;94%;1012;65;85;668;194
22/12/2025;00374 TERMINAL PUNTA COLORADA;97%;1016;27;55;738;196
1/12/2025;00375 YPF OLEODUCTO PR-LP;95%;465;25;37;290;113
9/12/2025;00375 YPF OLEODUCTO PR-LP;93%;477;32;35;293;117
15/12/2025;00375 YPF OLEODUCTO PR-LP;92%;471;36;34;291;110
22/12/2025;00375 YPF OLEODUCTO PR-LP;91%;471;41;37;284;109
1/12/2025;0376 VELADERO FASE 8B /SAN JUAN;99%;893;13;90;668;122
9/12/2025;0376 VELADERO FASE 8B /SAN JUAN;97%;894;28;152;591;123
15/12/2025;0376 VELADERO FASE 8B /SAN JUAN;97%;900;25;115;632;128
22/12/2025;0376 VELADERO FASE 8B /SAN JUAN;98%;901;17;84;676;124
1/12/2025;00372 UTE 372 GEO POSCO II;93%;399;26;40;203;130
9/12/2025;00372 UTE 372 GEO POSCO II;93%;406;28;39;217;122
15/12/2025;00372 UTE 372 GEO POSCO II;93%;405;30;38;214;123
22/12/2025;00372 UTE 372 GEO POSCO II;97%;404;14;27;233;130
12/1/2026;00223 Comp Amb Santa Fe;92%;165;14;18;106;27
12/1/2026;00314 CASA Olavarría;98%;726;18;18;511;179
12/1/2026;00341 Mov. Suelos San Luis;98%;483;9;35;334;105
12/1/2026;00365 RIO TINTO;87%;723;92;140;230;261
12/1/2026;00368-YPF Acueducto TBH;96%;592;23;106;367;96
12/1/2026;00374 TERMINAL PUNTA COLORADA;97%;1019;32;65;741;181
12/1/2026;00375 YPF OLEODUCTO PR-LP;95%;471;23;29;313;106
12/1/2026;0376 VELADERO FASE 8B /SAN JUAN;95%;906;44;125;625;112
12/1/2026;00372 UTE 372 GEO POSCO II;98%;402;10;33;240;119
15/1/2026;00223 Comp Amb Santa Fe;99%;165;2;10;123;30
15/1/2026;00314 CASA Olavarría;98%;726;18;20;509;179
15/1/2026;00341 Mov. Suelos San Luis;98%;483;12;44;326;101
15/1/2026;00365 RIO TINTO;86%;723;100;142;230;251
15/1/2026;00368-YPF Acueducto TBH;98%;592;14;97;383;98
15/1/2026;00374 TERMINAL PUNTA COLORADA;94%;1021;57;91;705;168
15/1/2026;00375 YPF OLEODUCTO PR-LP;95%;471;23;34;308;106
15/1/2026;0376 VELADERO FASE 8B /SAN JUAN;94%;932;54;128;636;114
12/1/2026;00372 UTE 372 GEO POSCO II;98%;402;10;33;240;119
19/1/2026;00223 Comp Amb Santa Fe;99%;165;2;9;124;30
19/1/2026;00314 CASA Olavarría;97%;726;20;24;506;176
19/1/2026;00341 Mov. Suelos San Luis;97%;483;13;48;318;104
19/1/2026;00365 RIO TINTO;86%;723;103;136;237;247
19/1/2026;00368-YPF Acueducto TBH;96%;592;24;105;367;96
19/1/2026;00374 TERMINAL PUNTA COLORADA;94%;1022;63;85;703;171
19/1/2026;00375 YPF OLEODUCTO PR-LP;95%;470;22;34;305;109
19/1/2026;0376 VELADERO FASE 8B /SAN JUAN;93%;932;69;152;601;110
19/1/2026;00372 UTE 372 GEO POSCO II;96%;406;17;53;225;111
22/1/2026;00223 Comp Amb Santa Fe;99%;165;2;10;123;30
22/1/2026;00314 CASA Olavarría;97%;726;20;21;507;178
22/1/2026;00341 Mov. Suelos San Luis;97%;483;14;55;316;98
22/1/2026;00365 RIO TINTO;89%;723;78;129;259;257
22/1/2026;00368-YPF Acueducto TBH;96%;592;25;115;355;97
22/1/2026;00374 TERMINAL PUNTA COLORADA;95%;1029;56;69;733;171
22/1/2026;00375 YPF OLEODUCTO PR-LP;95%;478;26;36;307;109
22/1/2026;0376 VELADERO FASE 8B /SAN JUAN;97%;932;30;109;684;109
22/1/2026;00372 UTE 372 GEO POSCO II;94%;406;25;57;213;111
26/1/2026;00223 Comp Amb Santa Fe;98%;165;4;15;116;30
26/1/2026;00314 CASA Olavarría;97%;726;20;25;503;178
26/1/2026;00341 Mov. Suelos San Luis;97%;483;16;59;313;95
26/1/2026;00365 RIO TINTO;90%;724;73;120;277;254
26/1/2026;00368-YPF Acueducto TBH;94%;592;34;112;350;96
26/1/2026;00374 TERMINAL PUNTA COLORADA;95%;1029;53;82;726;168
26/1/2026;00375 YPF OLEODUCTO PR-LP;93%;478;34;34;303;107
26/1/2026;0376 VELADERO FASE 8B /SAN JUAN;97%;934;31;123;673;107
26/1/2026;00372 UTE 372 GEO POSCO II;95%;406;22;63;209;112
29/1/2026;00223 Comp Amb Santa Fe;98%;165;4;15;116;30
29/1/2026;00314 CASA Olavarría;97%;727;25;19;506;177
29/1/2026;00341 Mov. Suelos San Luis;98%;483;11;45;317;110
29/1/2026;00365 RIO TINTO;90%;724;73;125;274;252
29/1/2026;00368-YPF Acueducto TBH;97%;592;19;73;381;119
29/1/2026;00374 TERMINAL PUNTA COLORADA;90%;1032;104;78;687;163
29/1/2026;00375 YPF OLEODUCTO PR-LP;94%;481;28;37;310;106
29/1/2026;0376 VELADERO FASE 8B /SAN JUAN;96%;934;37;131;660;106
29/1/2026;00372 UTE 372 GEO POSCO II;96%;405;18;64;207;116
2/2/2026;00223 Comp Amb Santa Fe;98%;165;4;21;112;28
2/2/2026;00314 CASA Olavarría;97%;727;23;22;507;175
2/2/2026;00341 Mov. Suelos San Luis;97%;483;16;55;314;98
2/2/2026;00365 RIO TINTO;93%;724;53;120;308;243
2/2/2026;00368-YPF Acueducto TBH;96%;592;23;86;367;116
2/2/2026;00374 TERMINAL PUNTA COLORADA;91%;1032;94;55;718;165
2/2/2026;00375 YPF OLEODUCTO PR-LP;93%;482;36;43;292;111
2/2/2026;0376 VELADERO FASE 8B /SAN JUAN;98%;934;23;118;689;104
2/2/2026;00372 UTE 372 GEO POSCO II;95%;405;20;68;213;104
2/2/2026;00377-YPF 3° loop;95%;405;20;68;213;104
5/2/2026;00223 Comp Amb Santa Fe;98%;165;4;21;112;28
5/2/2026;00314 CASA Olavarría;97%;727;25;29;500;173
5/2/2026;00341 Mov. Suelos San Luis;97%;483;13;39;312;119
5/2/2026;00365 RIO TINTO;92%;724;61;127;302;234
5/2/2026;00368-YPF Acueducto TBH;95%;454;24;69;284;77
5/2/2026;00374 TERMINAL PUNTA COLORADA;90%;1037;103;87;687;160
5/2/2026;00375 YPF OLEODUCTO PR-LP;96%;483;17;23;334;109
5/2/2026;0376 VELADERO FASE 8B /SAN JUAN;98%;934;23;100;707;104
5/2/2026;00372 UTE 372 GEO POSCO II;92%;405;33;60;209;103
5/2/2026;00377-YPF 3° loop;95%;595;28;10;525;32
9/2/2026;00223 Comp Amb Santa Fe;98%;165;4;21;112;28
9/2/2026;00314 CASA Olavarría;97%;727;20;20;509;178
9/2/2026;00341 Mov. Suelos San Luis;97%;483;16;49;308;110
9/2/2026;00365 RIO TINTO;90%;724;69;133;294;228
9/2/2026;00368-YPF Acueducto TBH;98%;454;10;47;321;76
9/2/2026;00374 TERMINAL PUNTA COLORADA;89%;1067;118;90;707;152
9/2/2026;00375 YPF OLEODUCTO PR-LP;94%;484;28;24;325;107
9/2/2026;0376 VELADERO FASE 8B /SAN JUAN;97%;939;25;102;708;104
9/2/2026;00372 UTE 372 GEO POSCO II;91%;406;35;67;205;99
9/2/2026;00377-YPF 3° loop;95%;595;29;13;515;38
12/2/2026;00223 Comp Amb Santa Fe;100%;165;0;9;130;26
12/2/2026;00314 CASA Olavarría;98%;727;15;27;512;173
12/2/2026;00341 Mov. Suelos San Luis;98%;483;10;40;324;109
12/2/2026;00365 RIO TINTO;90%;724;75;153;272;224
12/2/2026;00368-YPF Acueducto TBH;98%;454;11;57;311;75
12/2/2026;00374 TERMINAL PUNTA COLORADA;91%;1067;100;63;751;153
12/2/2026;00375 YPF OLEODUCTO PR-LP;95%;484;22;26;328;108
12/2/2026;0376 VELADERO FASE 8B /SAN JUAN;97%;939;31;121;686;101
12/2/2026;00372 UTE 372 GEO POSCO II;92%;406;31;63;211;101
12/2/2026;00377-YPF 3° loop;81%;703;135;26;501;41
18/2/2026;00223 Comp Amb Santa Fe;100%;165;0;9;130;26
18/2/2026;00314 CASA Olavarría;98%;727;12;25;515;175
18/2/2026;00341 Mov. Suelos San Luis;98%;483;12;53;313;105
18/2/2026;00365 RIO TINTO;90%;724;74;151;272;227
18/2/2026;00368-YPF Acueducto TBH;99%;452;3;44;327;78
18/2/2026;00374 TERMINAL PUNTA COLORADA;92%;1078;90;62;783;143
18/2/2026;00375 YPF OLEODUCTO PR-LP;95%;474;26;39;307;102
18/2/2026;0376 VELADERO FASE 8B /SAN JUAN;97%;939;27;104;707;101
18/2/2026;00372 UTE 372 GEO POSCO II;90%;422;43;64;211;104
18/2/2026;00377-YPF 3° loop;82%;702;125;32;506;39
19/2/2026;00223 Comp Amb Santa Fe;99%;165;2;9;128;26
19/2/2026;00314 CASA Olavarría;99%;727;10;25;520;172
19/2/2026;00341 Mov. Suelos San Luis;98%;483;12;53;313;105
19/2/2026;00365 RIO TINTO;90%;724;75;155;269;225
19/2/2026;00368-YPF Acueducto TBH;99%;403;3;41;289;70
19/2/2026;00374 TERMINAL PUNTA COLORADA;91%;1077;93;72;772;140
19/2/2026;00375 YPF OLEODUCTO PR-LP;97%;474;13;38;318;105
19/2/2026;0376 VELADERO FASE 8B /SAN JUAN;97%;939;25;95;719;100
19/2/2026;00372 UTE 372 GEO POSCO II;91%;422;37;60;219;106
19/2/2026;00377-YPF 3° loop;82%;702;126;38;500;38
23/2/2026;00223 Comp Amb Santa Fe;99%;165;2;9;128;26
23/2/2026;00314 CASA Olavarría;99%;727;10;35;512;170
23/2/2026;00341 Mov. Suelos San Luis;99%;483;7;55;317;104
23/2/2026;00365 RIO TINTO;90%;724;75;168;263;218
23/2/2026;00368-YPF Acueducto TBH;99%;403;5;50;278;70
19/2/2026;00374 TERMINAL PUNTA COLORADA;91%;1077;93;72;772;140
23/2/2026;00375 YPF OLEODUCTO PR-LP;97%;474;15;44;311;104
23/2/2026;0376 VELADERO FASE 8B /SAN JUAN;98%;942;22;103;715;102
23/2/2026;00372 UTE 372 GEO POSCO II;90%;422;41;64;213;104
23/2/2026;00377-YPF 3° loop;82%;702;129;44;493;36
26/2/2026;00223 Comp Amb Santa Fe;95%;165;8;17;114;26
26/2/2026;00314 CASA Olavarría;98%;727;15;42;500;170
26/2/2026;00341 Mov. Suelos San Luis;99%;483;6;41;319;117
26/2/2026;00365 RIO TINTO;90%;724;76;171;259;218
26/2/2026;00368-YPF Acueducto TBH;99%;403;6;50;278;69
26/2/2026;00374 TERMINAL PUNTA COLORADA;92%;1077;83;100;753;141
26/2/2026;00375 YPF OLEODUCTO PR-LP;95%;475;22;50;299;104
26/2/2026;0376 VELADERO FASE 8B /SAN JUAN;97%;942;29;123;687;103
26/2/2026;00372 UTE 372 GEO POSCO II;90%;422;41;66;208;107
26/2/2026;00377-YPF 3° loop;97%;702;23;49;593;37
2/3/2026;00223 Comp Amb Santa Fe;91%;165;15;16;106;28
2/3/2026;00314 CASA Olavarría;98%;727;15;43;502;167
2/3/2026;00341 Mov. Suelos San Luis;98%;483;11;50;321;101
2/3/2026;00365 RIO TINTO;90%;723;70;153;267;233
2/3/2026;00368-YPF Acueducto TBH;100%;403;2;21;309;71
2/3/2026;00374 TERMINAL PUNTA COLORADA;94%;1077;60;72;796;149
2/3/2026;00375 YPF OLEODUCTO PR-LP;95%;475;22;40;315;98
2/3/2026;0376 VELADERO FASE 8B /SAN JUAN;97%;942;26;103;699;114
2/3/2026;00372 UTE 372 GEO POSCO II;88%;422;52;70;198;102
2/3/2026;00377-YPF 3° loop;97%;702;22;79;563;38
5/3/2026;00223 Comp Amb Santa Fe;99%;165;2;8;126;29
5/3/2026;00314 CASA Olavarría;98%;727;15;21;515;176
5/3/2026;00341 Mov. Suelos San Luis;97%;483;14;48;319;102
5/3/2026;00365 RIO TINTO;90%;723;75;154;262;232
5/3/2026;00368-YPF Acueducto TBH;99%;377;3;43;274;57
5/3/2026;00374 TERMINAL PUNTA COLORADA;93%;1077;73;104;759;141
5/3/2026;00375 YPF OLEODUCTO PR-LP;97%;471;16;44;315;96
5/3/2026;0376 VELADERO FASE 8B /SAN JUAN;97%;943;26;95;700;122
5/3/2026;00372 UTE 372 GEO POSCO II;88%;422;50;68;202;102
5/3/2026;00377-YPF 3° loop;96%;701;27;84;553;37
9/3/2026;00223 Comp Amb Santa Fe;99%;165;2;8;126;29
9/3/2026;00314 CASA Olavarría;98%;727;16;20;506;185
9/3/2026;00341 Mov. Suelos San Luis;97%;483;15;54;321;93
9/3/2026;00365 RIO TINTO;88%;805;100;192;291;222
9/3/2026;00368-YPF Acueducto TBH;99%;377;4;41;272;60
9/3/2026;00374 TERMINAL PUNTA COLORADA;92%;1077;88;122;734;133
9/3/2026;00375 YPF OLEODUCTO PR-LP;97%;471;15;42;317;97
9/3/2026;0376 VELADERO FASE 8B /SAN JUAN;99%;943;13;66;739;125
9/3/2026;00372 UTE 372 GEO POSCO II;86%;429;62;74;224;69
9/3/2026;00377-YPF 3° loop;97%;701;23;92;547;39
