Cliente;Material;Tipo material;Texto breve de material;Nombre Fabricante;Numero Pieza de Fabricante;Centro área pl.nec.;Almacén;Caract.planif.nec.;Punto de pedido;Stock alm.máx.;Grupo de compras;Denominación GrpComp;Rubro;SubRubro;Unidad de peso;TIPO DOC;ESTADO ITEM;NRO. VA01/VA21;NRO. OC;FECHA RECEPCION;FECHA PICKING;FECHA CONTABILIZACION VL;FECHA ENTREGA ESPERADA;FECHA DE EMISION NECESIDAD;GRUPO DE COMPRA OC;NRO. SOLPED
00314 CASA Olavarría;1003694;ZSTO;PIN STOP;DAEMO ENGI;B36610143;MM01;26;V1;1;3;C29;FILTROS/RESPUESTOS;REPUESTOS;DAEMO;KG;ZPAS;SIN TRATAMIENTO;1000081909;;;;;13/2/2026;28/1/2026;;
00314 CASA Olavarría;1004282;ZSTO;KIT SELLO MARTILLO;DAEMO ENGI;B36680041;MM01;26;RE;1;2;C29;FILTROS/RESPUESTOS;REPUESTOS;DAEMO B300;KG;ZPAN;RECEPCIONADO;1000084302;4500122305;30/4/2026;;;20/5/2026;6/3/2026;C29;10144761
00314 CASA Olavarría;1003742;ZSTO;COUMPLING SCREW;DAEMO ENGI;00605A0000002;MM01;26;RE;1;2;C29;FILTROS/RESPUESTOS;REPUESTOS;DAEMO B-Series;KG;ZPAN;RECEPCIONADO;1000084302;4500122305;30/4/2026;;;20/5/2026;6/3/2026;C29;10144761
00314 CASA Olavarría;1001898;ZSTO;BOBINA DE PAPEL 25 X 400MTS X UN;ELEGANTE // ELITE;1003 (MÚLT. 2U) // 6264;MR01;314;V1;4;8;C17;INSUMOS A;LIMPIEZA;INSUMOS;KG;ZPAN;RECEPCIONADO PARCIAL;1000087796;4500127227;11/5/2026;;;27/5/2026;5/5/2026;C01;10149254
00314 CASA Olavarría;1001961;ZSTO;CINTA AISLADORA NEGRA X10MT;;;MR01;314;V1;13;23;C27;FERRETERIA MR01;FERRETERIA;INSUMOS;KG;ZPAS;EMBALADO;1000088520;;;16/6/2026;;1/6/2026;16/5/2026;;
00314 CASA Olavarría;1056409;ZSTO;SENSOR DE PRESION;;418-43-37681;MM01;26;RE;1;3;C03;EQUIPOS;;;KG;ZPAN;ADJUDICADO;1000089141;4500129372;;;;16/6/2026;27/5/2026;C03;10151077
00314 CASA Olavarría;1004313;ZSTO;ACEITE TRANSMISSION OIL AT102 X 200LTS;VOLVO CONS;VOE15143389 / 97342;MM01;26;V1;1;3;C29;FILTROS/RESPUESTOS;LUBRICANTES;LUBRICANTES;KG;ZPAS;SIN TRATAMIENTO;1000089889;;;;;24/6/2026;9/6/2026;;
00314 CASA Olavarría;1035362;ZSTO;JUEGO FILTRO;;VOE17410279;MM01;26;V1;1;3;C03;EQUIPOS;;;KG;ZPAS;EMBALADO;1000089921;;;18/6/2026;;24/6/2026;9/6/2026;;
00314 CASA Olavarría;1024718;ZSTO;TAPA DE COMBUSTIBLE;;14641479;MM01;26;RE;1;1;C03;EQUIPOS;?;?;KG;ZPAN;SIN TRATAMIENTO;1000090138;;;;;27/6/2026;12/6/2026;;10152322
00314 CASA Olavarría;1036372;ZSTO;VARILLA MEDICION DE ACEITE MOTOR;;616-6274;MM01;26;RE;1;1;C03;EQUIPOS;REPUESTOS;?;KG;ZPAN;SIN TRATAMIENTO;1000090138;;;;;27/6/2026;12/6/2026;;10152322
00314 CASA Olavarría;1003433;ZSTO;BOMBA DE AGUA;TOYOTA ARG;16100-69357;MM01;26;RE;1;2;C29;FILTROS/RESPUESTOS;REPUESTOS;HILUX 3.0 2010;KG;ZPAN;ADJUDICADO;1000090138;4500130365;;;;27/6/2026;12/6/2026;C29;10152322
00314 CASA Olavarría;1015849;ZSSD;PINCEL CERDA Nº20 XUN;;;MR01;314;V1;1;3;C27;FERRETERIA MR01;FERRETERIA;INSUMOS;KG;ZPAN;ADJUDICADO;1000090293;4500130741;;;;30/6/2026;16/6/2026;C01;10152485
00314 CASA Olavarría;1015850;ZSSD;PINCEL CERDA Nº30 XUN;;;MR01;314;V1;3;6;C27;FERRETERIA MR01;FERRETERIA;INSUMOS;KG;ZPAN;ADJUDICADO;1000090293;4500130741;;;;30/6/2026;16/6/2026;C01;10152485
00314 CASA Olavarría;1015863;ZSSD;SILICONA LIQUIDA X5LT;;;MR01;314;V1;2;5;C17;INSUMOS A;LIMPIEZA;LIMPIEZA /SEGURIDAD;KG;ZPAN;ADJUDICADO;1000090293;4500130741;;;;30/6/2026;16/6/2026;C01;10152485
00314 CASA Olavarría;1017046;ZSSD;CEPILLO VIOLIN P LAVAR COCHES;;;MR01;314;V1;6;12;C17;INSUMOS A;LIMPIEZA;?;KG;ZPAN;ADJUDICADO;1000090293;4500130741;;;;30/6/2026;16/6/2026;C01;10152485
00314 CASA Olavarría;1001900;ZSTO;TRAPO DE PISO;;;MR01;314;V1;17;30;C17;INSUMOS A;LIMPIEZA;INSUMOS;KG;ZPAN;ADJUDICADO;1000090293;4500130741;;;;30/6/2026;16/6/2026;C01;10152485
00314 CASA Olavarría;1022060;ZSTO;CUCHILLA LATERALES;CATERPILLA;4T8101;MM01;26;V1;1;3;G01;CUCHILLAS;DESGASTE;CAT 950L;KG;ZPAS;EMBALADO;1000090369;;;18/6/2026;;30/6/2026;17/6/2026;;
00365 RIO TINTO;1002010;ZSTO;CAMISA JEAN T.58 C LOGO;;;U365;365;V1;12;20;C28;SEGURIDAD/ROPA/EPP;ROPA;INDUMENTARIA;KG;ZPAN;CUMPLIDO PARCIAL;1000087713;4500127664;29/5/2026;;;4/6/2026;4/5/2026;C28;10149101
00314 CASA Olavarría;1016432;ZSTO;Tapa Tanque de Urea;VOLVO MAQU;21584844;MM01;26;RE;1;2;C29;FILTROS/RESPUESTOS;REPUESTOS;VOLVO FM460;KG;ZPAN;SIN TRATAMIENTO;1000090377;;;;;3/7/2026;17/6/2026;;10152587
00314 CASA Olavarría;1022760;ZSTO;CONJUNTO PASADOR;;425-0275;MM01;26;RE;1;2;C03;EQUIPOS;?;?;KG;ZPAN;SIN TRATAMIENTO;1000090377;;;;;3/7/2026;17/6/2026;;10152587
00314 CASA Olavarría;1017023;ZSSD;CUADERNO ESPIRAL RAY A4 T.DURA 80 HJ;;;MR01;314;V1;1;3;C17;INSUMOS A;LIBRERIA;ESCRITURA;KG;ZPAN;SIN TRATAMIENTO;1000090384;;;;;3/7/2026;17/6/2026;;10152597
00314 CASA Olavarría;1057089;ZSTO;ESCOBILLA 800MM;;476-3399;MM01;26;RE;1;2;C03;EQUIPOS;;;KG;ZPAN;SIN TRATAMIENTO;1000090476;;;;;3/7/2026;18/6/2026;;10152769
00314 CASA Olavarría;1001834;ZSTO;CUBIERTA 265 65 17 DUELER A T 693;BRIDGESTON // BRIDGESTON // PIRELLI NE // PIRELLI NE // GOOD YEAR;DUELER A T 693 // AT REVO 2 // S MTR // SCORPION ATR // WRANGLER WORKHORSE;MM01;26;V1;3;6;C47;CUBIERTAS AUTOMOTR;CUBIERTAS;hilux hasta 2016;KG;ZPAS;SIN TRATAMIENTO;1000090503;;;;;4/7/2026;19/6/2026;;
00314 CASA Olavarría;1021945;ZSTO;ACEITE Hydrau x 209 lts  ;JOHN DEERE;TY27368;MM01;26;V1;1;2;L01;ACEITES;LUBRICANTES;JOHN DEERE;KG;ZPAS;SIN TRATAMIENTO;1000090503;;;;;4/7/2026;19/6/2026;;
00314 CASA Olavarría;1017974;ZSTO;LIMPIACONTACTOS AEROSOL X240ML;;440CC 350G DELTA;MR01;314;V1;10;18;C27;FERRETERIA MR01;INSUMOS;INFORMATICA;KG;ZPAN;SIN TRATAMIENTO;1000090522;;;;;4/7/2026;19/6/2026;;10152843
00314 CASA Olavarría;1027149;ZSSD;DISCO FLAP TYROLIT 115x22 GRANO 80;;;MR01;314;V1;8;15;C27;FERRETERIA MR01;FERRETERIA;?;KG;ZPAN;SIN TRATAMIENTO;1000090522;;;;;4/7/2026;19/6/2026;;10152843
00314 CASA Olavarría;1001795;ZSTO;ACEITE 85W140 X 205L;YPF S.A. // YPF S.A.;85W140 // 123192;MM01;26;RE;1;2;L01;ACEITES;LUBRICANTES;ACEITES;KG;ZPAS;SIN TRATAMIENTO;1000090571;;;;;4/7/2026;19/6/2026;;
00341 Mov. Suelos San Luis;1003245;ZSTO;FILTRO DE AIRE PRIMARIO;VOLKSWAGEN // MANN // FRAMM;2S2129620 // C21470 // CA-9369;MM01;35;V1;1;2;F04;FILTRO AIRE;FILTROS;VW 13-180;KG;ZPAS;SIN TRATAMIENTO;1000088741;;;;;9/6/2026;19/5/2026;;
00365 RIO TINTO;1018914;ZSSD;FILTRO DEL RESPIRADERO;SANY HEAVY;60186788;U365;365;V1;1;2;AGV;COMPRAS AGV;REPUESTOS;FILTRO;KG;ZPAN;ADJUDICADO;1000066584;4500100720;;;;31/5/2025;11/5/2025;AGV;10121148
00365 RIO TINTO;1018911;ZSSD;FILTRO COLADOR COMBUSTIBLE;SANY HEAVY;60117826;U365;365;V1;2;3;AGV;COMPRAS AGV;REPUESTOS;FILTROS;KG;ZPAN;ADJUDICADO;1000070808;4500114367;;;;6/8/2025;23/7/2025;AGV;10126793
00365 RIO TINTO;1004033;ZSTO;LAMPARA 24V-5W C CULOTE X UN;;BA15S;U365;365;V1;5;8;C29;FILTROS/RESPUESTOS;REPUESTOS;ELECTRICIDAD AUTOMOTOR;KG;ZPAN;ADJUDICADO;1000070835;4500105046;;;;7/8/2025;24/7/2025;AGV;10126827
00365 RIO TINTO;1018864;ZSSD;CORREA ALTERNADOR;KOBELCO CO;VHSZ91049258;U365;365;V1;6;9;AGV;COMPRAS AGV;REPUESTOS;AUTOMOTOR;KG;ZPAN;ADJUDICADO;1000073104;4500111070;;;;19/9/2025;1/9/2025;AGV;10129814
00365 RIO TINTO;1042786;ZSTO;FILTRO HIDRAULICO DE ALTA PRESION;HIFI FILTE;60247816 / HIFI SH85069;U365;365;V1;2;3;AGV;COMPRAS AGV;REPUESTOS;FILTRO;KG;ZPAN;ADJUDICADO;1000078730;4500116346;;;;22/12/2025;1/12/2025;AGV;10137152
00365 RIO TINTO;1028119;ZSSD;FILTRO HIDRAULICO DE SUCCION;TEREX;709-7783;U365;365;V1;1;2;C29;FILTROS/RESPUESTOS;REPUESTOS;FILTRO;KG;ZPAN;ADJUDICADO;1000080954;4500122795;;;;3/2/2026;13/1/2026;AGV;10140236
00365 RIO TINTO;1018912;ZSSD;FILTRO HIDRAULICO;SANY HEAVY;60205016;U365;365;V1;1;2;AGV;COMPRAS AGV;REPUESTOS;FILTRO;KG;ZPAN;ADJUDICADO;1000082403;4500120151;;;;18/2/2026;4/2/2026;AGV;10142282
00365 RIO TINTO;1028207;ZSSD;BULONES SHANTUI;;175-71-11454 - SHANTUI;U365;365;V1;19;33;AGV;COMPRAS AGV;REPUESTOS;?;KG;ZPAN;ADJUDICADO;1000082403;4500121143;;;;18/2/2026;4/2/2026;AGV;10142282
00365 RIO TINTO;1049602;ZSTO;FILTRO ACEITE MOTOR;;YUCHAI 111000-1012240A O K11-1012240-02;U365;365;V1;2;2;AGV;COMPRAS AGV;REPUESTOS;FILTRO;KG;ZPAN;SIN TRATAMIENTO;1000082403;;;;;18/2/2026;4/2/2026;;10142282
00365 RIO TINTO;1049604;ZSTO;FILTRO ACEITE MOTOR;;YUCHAI 160101060005A003;U365;365;V1;2;2;AGV;COMPRAS AGV;REPUESTOS;FILTRO;KG;ZPAN;SIN TRATAMIENTO;1000082403;;;;;18/2/2026;4/2/2026;;10142282
00365 RIO TINTO;1049605;ZSTO;FILTRO COMBUSTIBLE;;YUCHAI 111000-1105140;U365;365;V1;2;2;AGV;COMPRAS AGV;REPUESTOS;FILTRO;KG;ZPAN;SIN TRATAMIENTO;1000082403;;;;;18/2/2026;4/2/2026;;10142282
00365 RIO TINTO;1049607;ZSTO;FILTRO TRAMPA DE AGUA;;YUCHAI 130200-1105350;U365;365;V1;2;2;AGV;COMPRAS AGV;REPUESTOS;FILTRO;KG;ZPAN;SIN TRATAMIENTO;1000082403;;;;;18/2/2026;4/2/2026;;10142282
00365 RIO TINTO;1018869;ZSSD;CANTONERA HENSLEY;HENSLEY;K40;U365;365;V1;4;6;AGV;COMPRAS AGV;REPUESTOS;EQUIPOS;KG;ZPAN;SIN TRATAMIENTO;1000085208;;;;;17/4/2026;20/3/2026;;10145881
00365 RIO TINTO;1016652;ZSSD;CMASTRA FILTRO DE CABINA;DONALDSON;IVECO/2995964/MANNCU4594/DONALD P787450;U365;365;V1;6;9;AGV;COMPRAS AGV;REPUESTOS;FILTROS;KG;ZPAN;SIN TRATAMIENTO;1000086684;;;;;18/5/2026;16/4/2026;;10147783
00365 RIO TINTO;1027021;ZSTO;Aceite Caja de Engranaje 85W90 GL-5;VOLVO MAQU;BALDE DE 20LTS;U365;365;RE;1;2;C29;FILTROS/RESPUESTOS;LUBRICANTES;?;KG;ZPAS;SIN TRATAMIENTO;1000087303;;;;;11/5/2026;27/4/2026;;
00365 RIO TINTO;1001795;ZSTO;ACEITE 85W140 X 205L;YPF S.A. // YPF S.A.;85W140 // 123192;U365;365;V1;1;2;C29;FILTROS/RESPUESTOS;LUBRICANTES;ACEITES;KG;ZPAS;SIN TRATAMIENTO;1000087710;;;;;18/5/2026;4/5/2026;;
00365 RIO TINTO;1001702;ZSTO;GUANTE SOLDADOR COSTURA KEVLAR;;;U365;365;V1;6;10;C28;SEGURIDAD/ROPA/EPP;SEGURIDAD;GUANTE;KG;ZPAN;ADJUDICADO;1000087713;4500126853;;;;4/6/2026;4/5/2026;C28;10149101
00365 RIO TINTO;1001726;ZSTO;SUSPENSION CREMALLERA;LIBUS // 3M // MSA // STEELPRO //;MILENIUM // SUSPENSIÓN RATCHET H-700 // FAS-TRAC III // RATCHET STEELPRO // DEPASCALE-UCU2120PC ARNES FAS TRACK III;U365;365;V1;23;39;C28;SEGURIDAD/ROPA/EPP;SEGURIDAD;ACCESORIO SEGURIDAD;KG;ZPAN;ADJUDICADO;1000087713;4500126853;;;;4/6/2026;4/5/2026;C28;10149101
00365 RIO TINTO;1002045;ZSTO;CAMISETA PRIMERA PIEL T.L;;;U365;365;V1;40;71;C28;SEGURIDAD/ROPA/EPP;SEGURIDAD;INDUMENTARIA;KG;ZPAN;ADJUDICADO;1000087713;4500126853;;;;4/6/2026;4/5/2026;C28;10149101
00365 RIO TINTO;1003087;ZSTO;FILTRO COMBUSTIBLE;TOYOTA ARG //;233900L07000 // 233900L100;U365;365;V1;1;2;C29;FILTROS/RESPUESTOS;FILTROS;HILUX 2017;KG;ZPAN;ADJUDICADO;1000087713;4500127182;;;;4/6/2026;4/5/2026;C29;10149101
00365 RIO TINTO;1042782;ZSTO;FILTRO DE CABINA;SANY INTER;60305487;U365;365;V1;1;2;AGV;COMPRAS AGV;REPUESTOS;FILTRO;KG;ZPAN;SIN TRATAMIENTO;1000087713;;;;;4/6/2026;4/5/2026;;10149101
00365 RIO TINTO;1055824;ZSCD;PANTALON JEAN C/LOGO T.58;;;U365;365;V1;9;16;C28;SEGURIDAD/ROPA/EPP;ROPA;INDUMENTARIA;KG;ZPAN;ADJUDICADO;1000087907;4500127664;;;;10/6/2026;6/5/2026;C28;10149461
00365 RIO TINTO;1055850;ZSCD;CAMPERA 2 PIEL C/LOGO T. S;;;U365;365;V1;9;16;C28;SEGURIDAD/ROPA/EPP;SEGURIDAD;INDUMENTARIA;KG;ZPAN;ADJUDICADO;1000087907;4500127664;;;;10/6/2026;6/5/2026;C28;10149461
00365 RIO TINTO;1055851;ZSCD;CAMPERA 2 PIEL C/LOGO T. M;;;U365;365;V1;15;25;C28;SEGURIDAD/ROPA/EPP;SEGURIDAD;INDUMENTARIA;KG;ZPAN;CUMPLIDO PARCIAL;1000087907;4500127664;29/5/2026;;;10/6/2026;6/5/2026;C28;10149461
00365 RIO TINTO;1018843;ZSSD;PROTECTOR P/CAMARA 16.00 R25;UNIMAX LTÉ;;U365;365;V1;8;14;C03;EQUIPOS;CUBIERTAS;CUBIERTAS;KG;ZPAN;PICKEADO;1000088036;4500127582;19/6/2026;19/6/2026;;22/5/2026;8/5/2026;C03;10149637
00365 RIO TINTO;1002180;ZSTO;CORREA TOPADOR XUN;CATERPILLA;2414981;U365;365;V1;1;2;C29;FILTROS/RESPUESTOS;CORREAS;D6T;KG;ZPAN;ADJUDICADO;1000088101;4500127843;;;;30/5/2026;10/5/2026;C29;10149735
00365 RIO TINTO;1002172;ZSTO;CORREA VENTILADOR X3 UNIDADES;CATERPILLA;4P8087;U365;365;V1;3;5;C29;FILTROS/RESPUESTOS;CORREAS;CAT D6TXL;KG;ZPAN;ADJUDICADO;1000088101;4500130481;;;;30/5/2026;10/5/2026;C29;10149735
00365 RIO TINTO;1018427;ZSTO;Correa A/A;CATERPILLA;1749030;U365;365;V1;1;2;C29;FILTROS/RESPUESTOS;CORREAS;CAT D6T;KG;ZPAN;ADJUDICADO;1000088101;4500127982;;;;30/5/2026;10/5/2026;C29;10149735
00365 RIO TINTO;1001783;ZSTO;ACEITE HIDRAULICO X 205L;YPF S.A. // YPF S.A.;ATF // 125492;U365;365;V1;1;2;C29;FILTROS/RESPUESTOS;LUBRICANTES;ACEITES;KG;ZPAS;SIN TRATAMIENTO;1000088895;;;;;5/6/2026;22/5/2026;;
00365 RIO TINTO;1018436;ZSSD;460E LIQUIDO FRENO;MOTORCRAFT;CC1Z/9365/E/;U365;365;RE;1;2;AGV;COMPRAS AGV;LUBRICANTES;INSUMOS;KG;ZPAN;SIN TRATAMIENTO;1000088999;;;;;8/6/2026;25/5/2026;;10150925
00365 RIO TINTO;1017057;ZSSD;FICHA STECK 16 AMP HEMBRA 2 P TIERRA;;;U365;365;V1;2;3;C11;ELECTRICIDAD;ELECTRICIDAD;ACCESORIOS;KG;ZPAN;ADJUDICADO;1000089024;4500130231;;;;26/6/2026;26/5/2026;C11;10150954
00365 RIO TINTO;1056432;ZSTO;UÑA DE ALTA PENETRACION - CAT320;;220-9097;U365;365;V1;5;8;C03;EQUIPOS;DESGASTE;CAT 320;KG;ZPAN;ADJUDICADO;1000089224;4500129043;;;;11/6/2026;28/5/2026;C29;10151196
00365 RIO TINTO;1046190;ZSTO;SELLO ANULAR;;130-0229;U365;365;V1;1;2;C03;EQUIPOS;REPUESTOS;CAT;KG;ZPAN;PICKEADO;1000089569;4500129946;17/6/2026;17/6/2026;;3/7/2026;3/6/2026;C03;10151598
00365 RIO TINTO;1046969;ZSTO;SELLO ANULAR;;4P-5524;U365;365;V1;2;3;C03;EQUIPOS;REPUESTOS;CAT;KG;ZPAN;PICKEADO PARCIAL;1000089569;4500129946;17/6/2026;17/6/2026;;3/7/2026;3/6/2026;C03;10151598
00365 RIO TINTO;1046970;ZSTO;SELLO ANULAR;;7D-7111;U365;365;V1;1;2;C03;EQUIPOS;REPUESTOS;CAT;KG;ZPAN;PICKEADO;1000089569;4500129946;17/6/2026;17/6/2026;;3/7/2026;3/6/2026;C03;10151598
00365 RIO TINTO;1003040;ZSTO;FILTRO DE AIRE;;VRA124;U365;365;V1;1;2;C29;FILTROS/RESPUESTOS;VERIFICAR;AIRMAN PTS 175;KG;ZPAN;SIN TRATAMIENTO;1000089792;;;;;21/6/2026;7/6/2026;;10151884
00365 RIO TINTO;1002954;ZSTO;FILTRO ACEITE ORIGINAL;KOHLER;WAN5000155736;U365;365;V1;1;2;C29;FILTROS/RESPUESTOS;FILTROS;TORRE WACKER;KG;ZPAN;SIN TRATAMIENTO;1000089792;;;;;21/6/2026;7/6/2026;;10151884
00365 RIO TINTO;1001787;ZSTO;ACEITE ISO 68 HIDRAULICO X 205L;YPF S.A. // YPF S.A.;BP68 // 135592;U365;365;V1;1;2;C29;FILTROS/RESPUESTOS;LUBRICANTES;ACEITES;KG;ZPAN;ADJUDICADO;1000089812;4500129757;;;;8/7/2026;8/6/2026;C29;10151904
00365 RIO TINTO;1001957;ZSTO;SILICONA UNIVERSAL XUN;;BLANCA/TRANSPARENTE X110ML;U365;365;V1;1;2;C27;FERRETERIA MR01;FERRETERIA;ADHESIVOS;KG;ZPAN;ADJUDICADO;1000089812;4500130659;;;;8/7/2026;8/6/2026;C27;10151904
00365 RIO TINTO;1001959;ZSTO;CINTA TEFLON 3/4 X 20MT;;;U365;365;V1;5;8;C27;FERRETERIA MR01;FERRETERIA;INSUMOS;KG;ZPAN;ADJUDICADO;1000089812;4500130656;;;;8/7/2026;8/6/2026;C27;10151904
00365 RIO TINTO;1001945;ZSTO;ADHESIVO FASTIX BLANCO 100ML XUN;;;U365;365;V1;4;6;C27;FERRETERIA MR01;FERRETERIA;ADHESIVOS;KG;ZPAN;ADJUDICADO;1000089879;4500130659;;;;9/7/2026;9/6/2026;C27;10152047
00365 RIO TINTO;1003217;ZSTO;FILTRO DE COMBUSTIBLE;CATERPILLA;3608958;U365;365;V1;2;2;C29;FILTROS/RESPUESTOS;FILTROS;CAT 815 K;KG;ZPAN;ADJUDICADO;1000089879;4500129947;;;;9/7/2026;9/6/2026;C29;10152047
00365 RIO TINTO;1055555;ZSSD;FENOLICO COMUN 18MM 2.44X1.22 MTS;;;U365;365;V1;46;80;C22;INSUMOS C;MADERA;?;KG;ZPAN;ADJUDICADO;1000090032;4500130344;;;;11/7/2026;11/6/2026;C22;10152234
00365 RIO TINTO;1017108;ZSSD;ESTACA 1PGX1PGX1 MTS;;;U365;365;V1;711;1253;C22;INSUMOS C;MADERA;ESTACAS;KG;ZPAN;ADJUDICADO;1000090113;4500130344;;;;12/7/2026;12/6/2026;C22;10152307
00365 RIO TINTO;1055852;ZSCD;CAMPERA 2 PIEL C/LOGO T. L;;;U365;365;V1;15;25;C28;SEGURIDAD/ROPA/EPP;SEGURIDAD;INDUMENTARIA;KG;ZPAN;ADJUDICADO;1000090113;4500130092;;;;12/7/2026;12/6/2026;C28;10152307
00365 RIO TINTO;1001933;ZSTO;DISCO 114x1,6x222 REFORZADO x UN;TYROLIT;114X16X222;U365;365;V1;15;25;C27;FERRETERIA MR01;FERRETERIA;ABRASIVOS/DISCOS;KG;ZPAN;SIN TRATAMIENTO;1000090290;;;;;16/7/2026;16/6/2026;;10152484
00365 RIO TINTO;1002047;ZSTO;CAMISETA PRIMERA PIEL T.XXL;;;U365;365;V1;29;50;C28;SEGURIDAD/ROPA/EPP;SEGURIDAD;INDUMENTARIA;KG;ZPAN;ADJUDICADO;1000090290;4500130389;;;;16/7/2026;16/6/2026;C28;10152484
00365 RIO TINTO;1017025;ZSSD;SOPORTE P MATAFUEGO 5 KG (COLGAR);;;U365;365;V1;9;16;C28;SEGURIDAD/ROPA/EPP;FERRETERIA;ACCESORIO SEGURIDAD;KG;ZPAN;SIN TRATAMIENTO;1000090290;;;;;16/7/2026;16/6/2026;;10152484
00365 RIO TINTO;1017141;ZSSD;ADHESIVO INSTANTAN TIPO LOCTITE 401X20GR;;;U365;365;V1;2;3;C27;FERRETERIA MR01;EQUIPOS;ADHESIVOS;KG;ZPAN;SIN TRATAMIENTO;1000090290;;;;;16/7/2026;16/6/2026;;10152484
00365 RIO TINTO;1001814;ZSTO;LIQUIDO FRENO X1LT;WAGNER;;U365;365;V1;5;8;C29;FILTROS/RESPUESTOS;LUBRICANTES;ADITIVOS;KG;ZPAN;SIN TRATAMIENTO;1000090561;;;;;19/7/2026;19/6/2026;;10152879
00365 RIO TINTO;1001740;ZSTO;BARBIJOS 3 CAPAS DE TELA;;;U365;365;V1;27;47;C28;SEGURIDAD/ROPA/EPP;SEGURIDAD;SEGURIDAD;KG;ZPAN;SIN TRATAMIENTO;1000090609;;;;;22/7/2026;22/6/2026;;10152961
00365 RIO TINTO;1001943;ZSTO;ADHESIVO CIANO 20 G XUN;CIANO;;U365;365;V1;3;5;C27;FERRETERIA MR01;FERRETERIA;ADHESIVOS;KG;ZPAN;SIN TRATAMIENTO;1000090609;;;;;22/7/2026;22/6/2026;;10152961
00365 RIO TINTO;1027767;ZSTO;FILTRO COLADOR DEL TANQUE DE COMBUSTIBLE;CNH;CNH BU0360092;U365;365;V1;1;2;C29;FILTROS/RESPUESTOS;FILTROS;?;KG;ZPAN;SIN TRATAMIENTO;1000090609;;;;;22/7/2026;22/6/2026;;10152961
00372 UTE 372 GEO POSCO II;1048243;ZSTO;CADENA DE RODILLO - LEISTER;;146.517;U003;372;RE;2;4;CGT;GC Geotextiles;REPUESTOS;?;KG;ZPAN;ADJUDICADO;1000078372;4500114743;;;;28/4/2026;25/11/2025;CGT;10136715
00372 UTE 372 GEO POSCO II;1048247;ZSTO;EJE MOTRIZ - LEISTER;;146.321;U003;372;RE;2;4;CGT;GC Geotextiles;REPUESTOS;?;KG;ZPAN;ADJUDICADO;1000078372;4500114743;;;;28/4/2026;25/11/2025;CGT;10136715
00372 UTE 372 GEO POSCO II;1048123;ZSTO;FILTRO BOMBA VACIO LEISTER;;MODELO: KIT 158665;U003;372;RE;1;3;CGT;GC Geotextiles;REPUESTOS;?;KG;ZPAN;ADJUDICADO;1000085568;4500126363;;;;20/5/2026;27/3/2026;C29;10146419
00372 UTE 372 GEO POSCO II;1042018;ZSCD;CAMPERA ABRIGO ROJA T.L;;;U003;372;V1;8;12;C28;SEGURIDAD/ROPA/EPP;ROPA;INDUMENTARIA;KG;ZPAN;ADJUDICADO;1000087437;4500126351;;;;28/5/2026;28/4/2026;C28;10148794
00372 UTE 372 GEO POSCO II;1001828;ZSTO;CUBIERTA 12.00 R20 TG85 (TRACCION);PIRELLI NE // GOOD YEAR // GOOD YEAR // GOOD YEAR // GOOD YEAR // MICHELIN A;TG85 // G-677 MSD // G677 // G677MSD. // G677OTR // XDY;U003;372;V1;2;4;C48;CUBIERTAS CAMIONES;CUBIERTAS;CUBIERTAS;KG;ZPAN;EMBALADO;1000089030;4500129629;19/6/2026;19/6/2026;;26/6/2026;26/5/2026;C48;10150961
00372 UTE 372 GEO POSCO II;1003171;ZSTO;FILTRO DE AIRE SECUNDARIO;FLEETGUARD // FILPLUS;AF26086 // MSA26086;U003;372;V1;3;5;F04;FILTRO AIRE;FILTROS;FILTRO AIRE;KG;ZPAN;ADJUDICADO;1000089030;4500129300;;;;26/6/2026;26/5/2026;F04;10150961
00372 UTE 372 GEO POSCO II;1001867;ZSTO;MARCADOR INDUSTRIAL-BLANCOXUN;UNIPAINT;MÚLT. 10U;U003;372;V1;25;38;C17;INSUMOS A;LIBRERIA;ESCRITURA;KG;ZPAN;PICKEADO;1000089734;4500129989;17/6/2026;17/6/2026;;5/7/2026;5/6/2026;C17;10151805
00372 UTE 372 GEO POSCO II;1042017;ZSCD;CAMPERA ABRIGO ROJA T.M;;;U003;372;V1;4;6;C28;SEGURIDAD/ROPA/EPP;ROPA;INDUMENTARIA;KG;ZPAN;ADJUDICADO;1000089748;4500129644;;;;6/7/2026;5/6/2026;C28;10151819
00372 UTE 372 GEO POSCO II;1042019;ZSCD;CAMPERA ABRIGO ROJA T.XL;;;U003;372;V1;8;10;C28;SEGURIDAD/ROPA/EPP;ROPA;INDUMENTARIA;KG;ZPAN;ADJUDICADO;1000089748;4500129644;;;;6/7/2026;5/6/2026;C28;10151819
00372 UTE 372 GEO POSCO II;1042020;ZSCD;CAMPERA ABRIGO ROJA T.XXL;;;U003;372;V1;4;8;C28;SEGURIDAD/ROPA/EPP;ROPA;INDUMENTARIA;KG;ZPAN;ADJUDICADO;1000089748;4500129644;;;;6/7/2026;5/6/2026;C28;10151819
00372 UTE 372 GEO POSCO II;1000043;ZSTO;BOTIQUIN 1ROS. AUXILIOS N 2;;;U003;372;V1;2;4;C28;SEGURIDAD/ROPA/EPP;SEGURIDAD;BOTIQUIN;KG;ZPAN;SIN TRATAMIENTO;1000089830;;;;;8/7/2026;8/6/2026;;10151929
00372 UTE 372 GEO POSCO II;1002997;ZSTO;FILTRO CABINA INTERIOR;HAULOTTE G // HIFI FILTE // DIECI;2820301610 // SC 70087 // 2I094123;U003;372;V1;2;3;F05;FILTRO AIRE CABINA;FILTROS;HAULOTTE HTL 4014/4017/4010;KG;ZPAN;ADJUDICADO;1000089830;4500129786;;;;8/7/2026;8/6/2026;F05;10151929
00372 UTE 372 GEO POSCO II;1016934;ZSSD;MAZA MINERO 2KG;;;U003;372;V1;1;1;C27;FERRETERIA MR01;FERRETERIA;HERRAMIENTA MANUAL;KG;ZPAN;ADJUDICADO;1000089830;4500130380;;;;8/7/2026;8/6/2026;C27;10151929
00372 UTE 372 GEO POSCO II;1017055;ZSSD;ZAPATILLA ELECTRICA 6 TOMAS C CABLE 3M;;DE 4 TOMAS;U003;372;RE;1;1;C11;ELECTRICIDAD;ELECTRICIDAD;ACCESORIOS;KG;ZPAN;SIN TRATAMIENTO;1000090046;;;;;11/7/2026;11/6/2026;;10152247
00372 UTE 372 GEO POSCO II;1001968;ZSTO;ESMALTE SINT. AEROSOL AMARILLO X440CC;;KUWAIT-SINTEPLAST;U003;372;V1;10;30;C22;INSUMOS C;PINTURAS;PINTURA AEROSOL;KG;ZPAN;SIN TRATAMIENTO;1000090143;;;;;12/7/2026;12/6/2026;;10152325
00372 UTE 372 GEO POSCO II;1003954;ZSTO;BATERIA 12V 180AMP;;25 PLACAS POR ELEMENTO;U003;372;V1;1;3;C29;FILTROS/RESPUESTOS;REPUESTOS;MAQUINARIA PESADA;KG;ZPAN;PICKEADO;1000090143;4500130300;17/6/2026;17/6/2026;;12/7/2026;12/6/2026;C29;10152325
00372 UTE 372 GEO POSCO II;1001758;ZSTO;BOTIN MARRON/NEGRO FLOR P.ACERO N 42;CONWORK // VORAN // CALZADOS A // // // // BORIS;53BAF // CRONOS N T42 // ESCORPIO PRUS 1050 T42 // RINGO MOD BOLT TALLE 42 // RINGO-MOD PUNCH TALLE 42 // SKIWAY MOD. 3243 T42 // 3305 T42;U003;372;V1;4;6;C28;SEGURIDAD/ROPA/EPP;SEGURIDAD;CALZADO;KG;ZPAN;SIN TRATAMIENTO;1000090382;;;;;17/7/2026;17/6/2026;;10152595
00372 UTE 372 GEO POSCO II;1002052;ZSTO;CAMPERA 2 PIEL T. XL;;;U003;372;V1;8;13;C28;SEGURIDAD/ROPA/EPP;SEGURIDAD;INDUMENTARIA;KG;ZPAN;SIN TRATAMIENTO;1000090382;;;;;17/7/2026;17/6/2026;;10152595
00377-YPF 3° loop;1026272;ZSCD;DELANTAL KEVLAR C TRIPLE PROT ABDOMINAL;;;MR01;377;V1;5;10;C28;SEGURIDAD/ROPA/EPP;INDUMENTARIA;INSUMOS;KG;ZPAS;DESPACHADO;1000080052;;;23/12/2025;23/12/2025;14/1/2026;23/12/2025;;
00377-YPF 3° loop;1017084;ZSSD;CEPILLO ACERO 4X19 C MANGO MADERA;;;MR01;377;V1;5;10;C27;FERRETERIA MR01;LIMPIEZA;INSUMOS;KG;ZPAN;ADJUDICADO;1000087728;4500127831;;;;22/5/2026;4/5/2026;C27;10149109
00377-YPF 3° loop;1013685;ZSSD;CAMPERA ABRIGO IGNIFUGA  C/LOGO  T. M;No aplica;CON REFLECTIVO T. M-;MR01;377;V1;5;10;C28;SEGURIDAD/ROPA/EPP;ROPA;INDUMENTARIA;KG;ZPAN;ADJUDICADO;1000087868;4500127918;;;;29/5/2026;6/5/2026;C28;10149398
00377-YPF 3° loop;1017054;ZSSD;CABLE TPR TIPO TALLER 3X4MM2;;MT O MÚLT. 100 MTS;MR01;377;V1;100;200;C11;ELECTRICIDAD;ELECTRICIDAD;CABLES;KG;ZPAN;SIN TRATAMIENTO;1000087965;;;;;28/5/2026;7/5/2026;;10149535
00377-YPF 3° loop;1016920;ZSSD;SOGA NAUTICA 12MM;;MÚLT. 100 MTS;MR01;377;V1;200;400;C27;FERRETERIA MR01;FERRETERIA;FERRETERIA;KG;ZPAN;ADJUDICADO;1000088924;4500129974;;;;22/6/2026;22/5/2026;C27;10150792
00377-YPF 3° loop;1001809;ZSTO;ACEITE 10W30  X 20LT;;;MR01;377;V1;1;2;C29;FILTROS/RESPUESTOS;LUBRICANTES;ACEITES;KG;ZPAS;SIN TRATAMIENTO;1000089382;;;;;19/6/2026;1/6/2026;;
00377-YPF 3° loop;1001787;ZSTO;ACEITE ISO 68 HIDRAULICO X 205L;YPF S.A. // YPF S.A.;BP68 // 135592;MR01;377;V1;1;2;L01;ACEITES;LUBRICANTES;ACEITES;KG;ZPAS;DESPACHADO;1000089559;;;4/6/2026;9/6/2026;24/6/2026;3/6/2026;;
00377-YPF 3° loop;1027673;ZSTO;KIT CORREA Y TENSOR VM;VOLVO TRUC;20002070 (20430614+21549016+21574656);MR01;377;V1;1;2;C03;EQUIPOS;CORREAS;?;KG;ZPAS;PICKEADO PARCIAL;1000089382;;;;;19/6/2026;1/6/2026;;
00377-YPF 3° loop;1001867;ZSTO;MARCADOR INDUSTRIAL-BLANCOXUN;UNIPAINT;MÚLT. 10U;MR01;377;V1;37;60;C17;INSUMOS A;LIBRERIA;ESCRITURA;KG;ZPAS;DESPACHADO;1000089827;;;10/6/2026;18/6/2026;29/6/2026;8/6/2026;;
00377-YPF 3° loop;1001997;ZSTO;ELECTRODO 6013 X 2 MM X KG;CONARCO;AWSE6013;MR01;377;V1;10;20;C27;FERRETERIA MR01;SOLDADURA;ELECTRODOS;KG;ZPAS;SIN TRATAMIENTO;1000089827;;;;;29/6/2026;8/6/2026;;
00377-YPF 3° loop;1016972;ZSSD;MAZA MINERO 5KG;;;MR01;377;V1;4;8;C27;FERRETERIA MR01;FERRETERIA;HERRAMIENTA MANUAL;KG;ZPAN;ADJUDICADO;1000089725;4500130579;;;;5/7/2026;5/6/2026;C27;10151800
00377-YPF 3° loop;1016955;ZSSD;SOGA NAUTICA 10MM;;MÚLT. 100 MTS;MR01;377;V1;200;400;C27;FERRETERIA MR01;FERRETERIA;ACCESORIOS;KG;ZPAN;ADJUDICADO;1000089828;4500130807;;;;8/7/2026;8/6/2026;C27;10151927
00377-YPF 3° loop;1016974;ZSSD;MARTILLO BOLITA 350 GR;;;MR01;377;V1;4;8;C27;FERRETERIA MR01;FERRETERIA;HERRAMIENTA;KG;ZPAN;ADJUDICADO;1000089828;4500130579;;;;8/7/2026;8/6/2026;C27;10151927
00377-YPF 3° loop;1017067;ZSSD;BATERIA P BALIZA 1000HS;;;MR01;377;V1;10;20;C28;SEGURIDAD/ROPA/EPP;SEGURIDAD;?;KG;ZPAN;PICKEADO;1000089828;4500130288;17/6/2026;17/6/2026;;8/7/2026;8/6/2026;C28;10151927
00377-YPF 3° loop;1026187;ZSSD;ESLINGA SINT. 4TN X 3.5ML C CERTIF;;;MR01;377;V1;1;3;C27;FERRETERIA MR01;FERRETERIA;?;KG;ZPAN;ADJUDICADO;1000089828;4500130579;;;;8/7/2026;8/6/2026;C27;10151927
00377-YPF 3° loop;1016965;ZSSD;PORTABLOCK ACRILICO C CLIP SUPERIOR;;;MR01;377;V1;10;20;C17;INSUMOS A;LIBRERIA;ACCESORIOS;KG;ZPAN;DESPACHADO;1000089831;4500130015;17/6/2026;17/6/2026;18/6/2026;8/7/2026;8/6/2026;C17;10151930
00377-YPF 3° loop;1016973;ZSSD;MAZA MINERO 3 KG;;;MR01;377;V1;4;8;C27;FERRETERIA MR01;FERRETERIA;HERRAMIENTA MANUAL;KG;ZPAN;ADJUDICADO;1000089831;4500130579;;;;8/7/2026;8/6/2026;C27;10151930
00377-YPF 3° loop;1017021;ZSSD;CUADERNO ESPIRAL CUAD A4 T.DURA 80 HJ;;;MR01;377;V1;10;20;C17;INSUMOS A;LIBRERIA;LIBRERIA;KG;ZPAN;DESPACHADO;1000089831;4500130018;16/6/2026;16/6/2026;18/6/2026;8/7/2026;8/6/2026;C17;10151930
00377-YPF 3° loop;1001676;ZSTO;CLAVOS P.PARIS 2 1 2 XKG;;MÚLT. 30 KG;MR01;377;V1;5;10;C08;ACERO;ACEROS;CLAVOS;KG;ZPAS;DESPACHADO;1000089891;;;10/6/2026;18/6/2026;30/6/2026;9/6/2026;;
00377-YPF 3° loop;1001706;ZSTO;GUANTE LATEX USO MEDICINAL CAJA X 100 UN;;;MR01;377;V1;3;6;C28;SEGURIDAD/ROPA/EPP;SEGURIDAD;GUANTE;KG;ZPAS;EMBALADO PARCIAL;1000089891;;;10/6/2026;;30/6/2026;9/6/2026;;
00377-YPF 3° loop;1001945;ZSTO;ADHESIVO FASTIX BLANCO 100ML XUN;;;MR01;377;V1;4;8;C27;FERRETERIA MR01;FERRETERIA;ADHESIVOS;KG;ZPAN;ADJUDICADO;1000089893;4500130807;;;;9/7/2026;9/6/2026;C27;10152057
00377-YPF 3° loop;1015853;ZSSD;PRECINTO PLASTICO AL-3 X 175MM;;MÚLT. 100U;MR01;377;V1;4;8;C27;FERRETERIA MR01;FERRETERIA;INSUMOS;KG;ZPAN;ADJUDICADO;1000089893;4500130807;;;;9/7/2026;9/6/2026;C27;10152057
00377-YPF 3° loop;1015855;ZSSD;PRECINTO PLASTICO AL-5 X 300MM;;MÚLT. 100U;MR01;377;V1;4;8;C27;FERRETERIA MR01;FERRETERIA;INSUMOS;KG;ZPAN;ADJUDICADO;1000089893;4500130807;;;;9/7/2026;9/6/2026;C27;10152057
00377-YPF 3° loop;1016909;ZSSD;CINTA METRICA X5MT;;;MR01;377;V1;5;10;C27;FERRETERIA MR01;FERRETERIA;INSUMOS;KG;ZPAN;ADJUDICADO;1000089893;4500130579;;;;9/7/2026;9/6/2026;C27;10152057
00377-YPF 3° loop;1001675;ZSTO;CLAVOS P.PARIS 2 XKG;;MÚLT. 30 KG;MR01;377;V1;5;10;C08;ACERO;ACEROS;CLAVOS;KG;ZPAS;DESPACHADO;1000089969;;;11/6/2026;18/6/2026;1/7/2026;10/6/2026;;
00377-YPF 3° loop;1016894;ZSTO;MAMEL. 1°CAL. DESC. LAMIN.BLANCO 60GRXXL;;FABRICANTE DUPONT/MODELO TIVEK 500;MR01;377;V1;40;80;C28;SEGURIDAD/ROPA/EPP;SEGURIDAD;INDUMENTARIA;KG;ZPAS;DESPACHADO;1000089969;;;11/6/2026;18/6/2026;1/7/2026;10/6/2026;;
00377-YPF 3° loop;1013578;ZSSD;FUSIBLE PLANO 10AMP. XUN;;;MR01;377;V1;10;20;C29;FILTROS/RESPUESTOS;REPUESTOS;ELECTRICIDAD AUTOMOTOR;KG;ZPAN;DESPACHADO;1000089973;4500130047;16/6/2026;16/6/2026;18/6/2026;10/7/2026;10/6/2026;C29;10152141
00377-YPF 3° loop;1015854;ZSSD;PRECINTO PLASTICO AL-4 X 200MM;;MÚLT. 100U;MR01;377;V1;4;8;C27;FERRETERIA MR01;FERRETERIA;INSUMOS;KG;ZPAN;ADJUDICADO;1000089973;4500130807;;;;10/7/2026;10/6/2026;C27;10152141
00377-YPF 3° loop;1016914;ZSSD;PINCEL CERDA NB 10;;;MR01;377;V1;5;10;C22;INSUMOS C;FERRETERIA;INSUMOS;KG;ZPAN;ADJUDICADO;1000089973;4500130264;;;;10/7/2026;10/6/2026;C22;10152141
00377-YPF 3° loop;1015793;ZSSD;FUSIBLE PLANO 25AMP. XUN;;;MR01;377;V1;10;20;C03;EQUIPOS;REPUESTOS;ELECTRICIDAD AUTOMOTOR;KG;ZPAN;DESPACHADO;1000089973;4500130047;16/6/2026;16/6/2026;18/6/2026;10/7/2026;10/6/2026;C29;10152141
00377-YPF 3° loop;1003095;ZSTO;FILTRO TRAMPA DE AGUA COMBUSTIBLE;PARKER RAC //;21925732 // 23662435;MR01;377;V1;1;2;F13;FILTRO TRAMPA DE A;FILTROS;VOLVO FM460;KG;ZPAS;DESPACHADO;1000090044;;;12/6/2026;18/6/2026;2/7/2026;11/6/2026;;
00377-YPF 3° loop;1003097;ZSTO;FILTRO DE AIRE PRIMARIO;VOLVO CONS;21337557;MR01;377;V1;1;2;F04;FILTRO AIRE;FILTROS;VOLVO FM460;KG;ZPAS;DESPACHADO;1000090044;;;12/6/2026;18/6/2026;2/7/2026;11/6/2026;;
00377-YPF 3° loop;1003170;ZSTO;FILTRO DE AIRE PRIMARIO;FLEETGUARD // // FILPLUS;AF26085 // FAI6085 // MSA26085;MR01;377;V1;3;6;F04;FILTRO AIRE;FILTROS;FILTRO AIRE;KG;ZPAS;DESPACHADO;1000090044;;;12/6/2026;18/6/2026;2/7/2026;11/6/2026;;
00377-YPF 3° loop;1002877;ZSTO;FILTRO EL. HIDR. PILOTO;KOMATSU HO;20Y6251691;MR01;377;V1;1;2;F07;FILTRO FLUIDO HIDR;FILTROS;KMS 155AX6;KG;ZPAS;PICKEADO;1000090396;;;18/6/2026;;8/7/2026;17/6/2026;;
00377-YPF 3° loop;1018604;ZSTO;FILTRO LINEA HIDRAULICA;DONALDSON;P550252;MR01;377;V1;1;2;F07;FILTRO FLUIDO HIDR;FILTROS;PLATAFORMA DE MANTENIMIENTO VE;KG;ZPAS;PICKEADO;1000090396;;;18/6/2026;;8/7/2026;17/6/2026;;
00377-YPF 3° loop;1001970;ZSTO;ESMALTE SINT. AEROSOL NEGRO X440CC;;KUWAIT-SINTEPLAST;MR01;377;V1;36;48;C22;INSUMOS C;PINTURAS;PINTURA AEROSOL;KG;ZPAS;PICKEADO;1000090453;;;19/6/2026;;10/7/2026;18/6/2026;;
00377-YPF 3° loop;1002307;ZSTO;TUERCA PUNT. 175-71-22272 X UN;KOMATSU HO // CATERPILLA;1757111530 // 2J3505;MR01;377;V1;15;30;G05;AJUSTE;DESGASTE;KMS 155AX6;KG;ZPAS;PICKEADO;1000090453;;;19/6/2026;;10/7/2026;18/6/2026;;
00377-YPF 3° loop;1002400;ZSTO;SEGMENTO DE CORTE DERECHO;No aplica;2057074190 // 20Y70B1371;MR01;377;V1;1;2;G01;CUCHILLAS;DESGASTE;EXCAVADORA KOMATSU PC 240;KG;ZPAS;PICKEADO;1000090453;;;19/6/2026;;10/7/2026;18/6/2026;;
00377-YPF 3° loop;1002591;ZSTO;FILTRO DE COMBUSTIBLE PRINCIPAL XU;KOMATSU HO // // // // KOMATSU HO;6754716130 // 6754716140 // FF5614 // P550881 // WK950/21 // 6754796140;MR01;377;V1;3;5;F06;FILTRO COMBUSTIBLE;FILTROS;PC350LC8;KG;ZPAS;PICKEADO;1000090453;;;19/6/2026;;10/7/2026;18/6/2026;;
00377-YPF 3° loop;1004030;ZSTO;LAMPARA 24V-5W S CULOTE XUN;;PHILIPS-OSRAM;MR01;377;V1;10;15;C29;FILTROS/RESPUESTOS;REPUESTOS;ELECTRICIDAD AUTOMOTOR;KG;ZPAS;PICKEADO;1000090453;;;19/6/2026;;10/7/2026;18/6/2026;;
00377-YPF 3° loop;1004311;ZSTO;ACEITE SAE 80W90 X 20LT;;MOBILUBE;MR01;377;V1;1;2;C29;FILTROS/RESPUESTOS;LUBRICANTES;LUBRICANTES;KG;ZPAS;PICKEADO PARCIAL;1000090453;;;;;10/7/2026;18/6/2026;;
00377-YPF 3° loop;1003803;ZSTO;FUSIBLE 30A;KOMATSU HO;08041-03000;MR01;377;V1;20;40;C29;FILTROS/RESPUESTOS;REPUESTOS;D465-7EO;KG;ZPAN;ADJUDICADO;1000090454;4500130786;;;;18/7/2026;18/6/2026;C29;10152724
00377-YPF 3° loop;1015792;ZSSD;FUSIBLE PLANO 15AMP. X1UN;;;MR01;377;V1;10;20;C03;EQUIPOS;REPUESTOS;ELECTRICIDAD AUTOMOTOR;KG;ZPAN;ADJUDICADO;1000090454;4500130786;;;;18/7/2026;18/6/2026;C29;10152724
00377-YPF 3° loop;1015794;ZSSD;FUSIBLE PLANO 30AMP. XUN;;;MR01;377;V1;10;20;C03;EQUIPOS;REPUESTOS;ELECTRICIDAD AUTOMOTOR;KG;ZPAN;ADJUDICADO;1000090454;4500130786;;;;18/7/2026;18/6/2026;C29;10152724
00377-YPF 3° loop;1003806;ZSTO;FUSIBLE 10A;KOMATSU HO;08041-01000;MR01;377;V1;20;40;C29;FILTROS/RESPUESTOS;REPUESTOS;D465-7EO;KG;ZPAN;ADJUDICADO;1000090454;4500130786;;;;18/7/2026;18/6/2026;C29;10152724
00377-YPF 3° loop;1047997;ZSTO;FUSIBLE 15A;;280-2709;MR01;377;V1;20;40;C03;EQUIPOS;REPUESTO;ELECTRICIDAD AUTOMOTOR;KG;ZPAN;SIN TRATAMIENTO;1000090454;;;;;18/7/2026;18/6/2026;;10152724
00377-YPF 3° loop;1003334;ZSTO;FILTRO ACEITE F100 ELECTRONICA;FLEETGUARD // No aplica // //;LF16015 // P550011 // P551100. // W950/26;MR01;377;V1;1;3;F03;FILTRO ACEITE;FILTROS;F-100;KG;ZPAN;ADJUDICADO;1000090481;4500130673;;;;10/7/2026;18/6/2026;EFO;10152781
00377-YPF 3° loop;1016451;ZSTO;Filtro de Aire Primario;VOLKSWAGEN;23B129620;MR01;377;V1;1;3;F04;FILTRO AIRE;FILTROS;DELIVERY 11.180;KG;ZPAN;ADJUDICADO;1000090481;4500130673;;;;10/7/2026;18/6/2026;EFO;10152781
00377-YPF 3° loop;1016452;ZSTO;Filtro de Combustible;VOLKSWAGEN // VOLKSWAGEN // FLEETGUARD;2P0127177 // FF5706 // LF5706;MR01;377;V1;1;3;F06;FILTRO COMBUSTIBLE;FILTROS;DELIVERY 11.180;KG;ZPAN;ADJUDICADO;1000090481;4500130673;;;;10/7/2026;18/6/2026;EFO;10152781
00374 TERMINAL PUNTA COLORADA;1054325;ZSSD;SIKASWELL S-2 X600ML;;;MR01;374;V1;140;280;C18;HORMIGÓN;HORMIGON;ADITIVO;KG;ZPAN;ADJUDICADO;1000084661;4500123297;;;;15/6/2026;12/3/2026;C18;10145224
00374 TERMINAL PUNTA COLORADA;1054335;ZSCD;PISTOLA APLICADORA SIKA X600ML;;;MR01;374;V1;4;8;C18;HORMIGÓN;FERRETERIA;?;KG;ZPAN;ADJUDICADO;1000084661;4500123297;;;;15/6/2026;12/3/2026;C18;10145224
00374 TERMINAL PUNTA COLORADA;1054336;ZSCD;PISTOLA APLICADORA SIKA X300ML;;;MR01;374;V1;4;8;C18;HORMIGÓN;FERRETERIA;?;KG;ZPAN;ADJUDICADO;1000084661;4500123297;;;;15/6/2026;12/3/2026;C18;10145224
00374 TERMINAL PUNTA COLORADA;1054326;ZSSD;SIKASWELL A 2010 X10M;;;MR01;374;V1;20;40;C18;HORMIGÓN;HORMIGON;ADITIVO;KG;ZPAN;ADJUDICADO;1000087088;4500125948;;;;15/6/2026;22/4/2026;C18;10148351
00374 TERMINAL PUNTA COLORADA;1054315;ZSSD;SIKALATEX X20LT;;;MR01;374;V1;5;10;C18;HORMIGÓN;HORMIGON;ADITIVO;KG;ZPAN;ADJUDICADO;1000087209;4500126433;;;;15/6/2026;24/4/2026;C18;10148543
00374 TERMINAL PUNTA COLORADA;1017150;ZSSD;BARRETA SACACLAVOS 22X1500;;;MR01;374;V1;2;4;C27;FERRETERIA MR01;FERRETERIA;INSUMOS;KG;ZPAN;SIN TRATAMIENTO;1000088136;;;;;1/6/2026;11/5/2026;;10149774
00374 TERMINAL PUNTA COLORADA;1054318;ZSSD;SIKAFLEX 1A PURFORM X300ML;;;MR01;374;V1;20;40;C18;HORMIGÓN;HORMIGON;ADITIVO;KG;ZPAN;ADJUDICADO;1000088352;4500127957;;;;4/6/2026;14/5/2026;C18;10150145
00374 TERMINAL PUNTA COLORADA;1054319;ZSSD;SIKAFLEX 1A PURFORM X600ML;;;MR01;374;V1;40;80;C18;HORMIGÓN;HORMIGON;ADITIVO;KG;ZPAN;ADJUDICADO;1000088352;4500127957;;;;4/6/2026;14/5/2026;C18;10150145
00374 TERMINAL PUNTA COLORADA;1054322;ZSSD;SIKADUR 52 INYECCIÓN X1KG;;;MR01;374;V1;10;20;C18;HORMIGÓN;HORMIGON;ADITIVO;KG;ZPAN;ADJUDICADO;1000088352;4500127957;;;;4/6/2026;14/5/2026;C18;10150145
00374 TERMINAL PUNTA COLORADA;1054327;ZSSD;SIKA SEPAROL PRECAST X200LTS;;;MR01;374;V1;1;1;C18;HORMIGÓN;HORMIGON;ADITIVO;KG;ZPAN;ADJUDICADO;1000088352;4500127957;;;;4/6/2026;14/5/2026;C18;10150145
00374 TERMINAL PUNTA COLORADA;1002044;ZSTO;CAMISETA PRIMERA PIEL T.M;;;MR01;374;V1;10;20;C28;SEGURIDAD/ROPA/EPP;SEGURIDAD;INDUMENTARIA;KG;ZPAS;CUMPLIDO PARCIAL;1000088592;;;21/5/2026;21/5/2026;8/6/2026;18/5/2026;;
00374 TERMINAL PUNTA COLORADA;1017085;ZSSD;NIVEL DE BURBUJA DE 100CM;;;MR01;374;V1;4;7;C27;FERRETERIA MR01;FERRETERIA;HERRAMIENTAS;KG;ZPAN;ADJUDICADO;1000089055;4500130048;;;;26/6/2026;26/5/2026;C27;10150984
00374 TERMINAL PUNTA COLORADA;1025949;ZSSD;MECHA ACERO RAPIDO D10 MM;;;MR01;374;V1;4;8;C27;FERRETERIA MR01;FERRETERIA;INSUMOS;KG;ZPAN;ADJUDICADO;1000089055;4500130048;;;;26/6/2026;26/5/2026;C27;10150984
00374 TERMINAL PUNTA COLORADA;1025950;ZSSD;MECHA ACERO RAPIDO D6 MM;;;MR01;374;V1;4;8;C27;FERRETERIA MR01;FERRETERIA;INSUMOS;KG;ZPAN;ADJUDICADO;1000089055;4500130048;;;;26/6/2026;26/5/2026;C27;10150984
00374 TERMINAL PUNTA COLORADA;1025951;ZSSD;MECHA ACERO RAPIDO D8 MM;;;MR01;374;V1;4;8;C27;FERRETERIA MR01;FERRETERIA;HERRAMIENTAS;KG;ZPAN;ADJUDICADO;1000089055;4500130048;;;;26/6/2026;26/5/2026;C27;10150984
00374 TERMINAL PUNTA COLORADA;1026936;ZSCD;NIVEL DE BURBUJA 60CM;;;MR01;374;V1;2;4;C27;FERRETERIA MR01;FERRETERIA;INSUMOS;KG;ZPAN;ADJUDICADO;1000089055;4500130048;;;;26/6/2026;26/5/2026;C27;10150984
00374 TERMINAL PUNTA COLORADA;1047258;ZSCD;MECHA ACERO RAPIDO D12MM;;;MR01;374;V1;2;6;C27;FERRETERIA MR01;FERRETERIA;ACCESORIOS;KG;ZPAN;ADJUDICADO;1000089055;4500130048;;;;26/6/2026;26/5/2026;C27;10150984
00374 TERMINAL PUNTA COLORADA;1055217;ZSCD;NIVEL DE MANO IMANTADO X20CM;;;MR01;374;V1;5;15;C27;FERRETERIA MR01;FERRETERIA;?;KG;ZPAN;ADJUDICADO;1000089055;4500130048;;;;26/6/2026;26/5/2026;C27;10150984
00374 TERMINAL PUNTA COLORADA;1055218;ZSCD;NIVEL DE MANO IMANTADO X60CM;;;MR01;374;V1;5;15;C27;FERRETERIA MR01;FERRETERIA;?;KG;ZPAN;ADJUDICADO;1000089055;4500130048;;;;26/6/2026;26/5/2026;C27;10150984
00374 TERMINAL PUNTA COLORADA;1055220;ZSCD;NIVEL DE MANO IMANTADO X100CM;;;MR01;374;V1;5;15;C27;FERRETERIA MR01;FERRETERIA;?;KG;ZPAN;ADJUDICADO;1000089055;4500130048;;;;26/6/2026;26/5/2026;C27;10150984
00374 TERMINAL PUNTA COLORADA;1047983;ZSCD;TENAZA ARMADOR 1/2 CORTE L.30CM MIN.;;;MR01;374;V1;35;50;C27;FERRETERIA MR01;FERRETERIA;HERRAMIENTAS;KG;ZPAN;ADJUDICADO;1000089192;4500130048;;;;28/6/2026;28/5/2026;C27;10151169
00374 TERMINAL PUNTA COLORADA;1002004;ZSTO;CAMISA JEAN T.46 C LOGO;;;MR01;374;V1;15;30;C28;SEGURIDAD/ROPA/EPP;ROPA;INDUMENTARIA;KG;ZPAN;ADJUDICADO;1000089238;4500129027;;;;28/6/2026;28/5/2026;374;10151211
00374 TERMINAL PUNTA COLORADA;1054324;ZSSD;SIKADUR 32 GEL X1KG;;;MR01;374;V1;10;20;C18;HORMIGÓN;HORMIGON;ADITIVO;KG;ZPAN;ADJUDICADO;1000089433;4500129400;;;;2/7/2026;2/6/2026;C18;10151472
00374 TERMINAL PUNTA COLORADA;1033433;ZSTO;CORREA B-46;SKF;B-46;MR01;374;V1;1;2;C03;EQUIPOS;?;?;KG;ZPAN;EMBALADO;1000089552;4500129830;16/6/2026;16/6/2026;;3/7/2026;3/6/2026;C03;10151578
00374 TERMINAL PUNTA COLORADA;1033434;ZSTO;CORREA VENTILADOR C-50;SKF;C-50;MR01;374;V1;1;2;C03;EQUIPOS;?;?;KG;ZPAN;EMBALADO;1000089552;4500129830;16/6/2026;16/6/2026;;3/7/2026;3/6/2026;C03;10151578
00374 TERMINAL PUNTA COLORADA;1033435;ZSTO;CORREA DE BOMBA A ALTA PRESION C107;SKF;C107;MR01;374;V1;1;2;C03;EQUIPOS;?;?;KG;ZPAN;EMBALADO;1000089552;4500129830;16/6/2026;16/6/2026;;3/7/2026;3/6/2026;C03;10151578
00374 TERMINAL PUNTA COLORADA;1017086;ZSSD;AZADA CON CABO;;;MR01;374;V1;5;10;C27;FERRETERIA MR01;FERRETERIA;HERRAMIENTA MANUAL;KG;ZPAN;ADJUDICADO;1000089629;4500130048;;;;4/7/2026;4/6/2026;C27;10151717
00374 TERMINAL PUNTA COLORADA;1001923;ZSTO;AGROPOL 100 MIC 4X50MTS;;;MR01;374;V1;15;30;C27;FERRETERIA MR01;FERRETERIA;INSUMOS;KG;ZPAN;SIN TRATAMIENTO;1000089730;;;;;5/7/2026;5/6/2026;;10151803
00374 TERMINAL PUNTA COLORADA;1015855;ZSSD;PRECINTO PLASTICO AL-5 X 300MM;;MÚLT. 100U;MR01;374;V1;5;10;C27;FERRETERIA MR01;FERRETERIA;INSUMOS;KG;ZPAN;ADJUDICADO;1000089844;4500130739;;;;8/7/2026;8/6/2026;C27;10151945
00374 TERMINAL PUNTA COLORADA;1047285;ZSCD;MECHA WIDIA SDS PLUS Ø12MM 450MM;;;MR01;374;V1;2;4;C27;FERRETERIA MR01;FERRETERIA;ACCESORIOS;KG;ZPAN;ADJUDICADO;1000089844;4500130739;;;;8/7/2026;8/6/2026;C27;10151945
00374 TERMINAL PUNTA COLORADA;1049470;ZSCD;ELECTRODO 6013 X 1,5MM X KG;;;MR01;374;V1;50;75;C27;FERRETERIA MR01;FERRETERIA;?;KG;ZPAN;ADJUDICADO;1000089958;4500130739;;;;10/7/2026;10/6/2026;C27;10152128
00374 TERMINAL PUNTA COLORADA;1002269;ZSTO;PATIN INFERIOR CIRC;CATERPILLA // CATERPILLA;1289656 // 3330960;MR01;374;V1;3;6;G01;CUCHILLAS;DESGASTE;CAT 140H;KG;ZPAS;EMBALADO;1000090150;;;16/6/2026;;3/7/2026;12/6/2026;;
00374 TERMINAL PUNTA COLORADA;1047271;ZSCD;MECHA WIDIA SDS PLUS Ø12MM 220MM;;;MR01;374;V1;2;4;C27;FERRETERIA MR01;FERRETERIA;ACCESORIOS;KG;ZPAN;ADJUDICADO;1000090155;4500130739;;;;12/7/2026;12/6/2026;C27;10152332
00374 TERMINAL PUNTA COLORADA;1001843;ZSTO;CUBIERTA 10-16.5;PIRELLI NE // BOBCAT // TITAN ARGE // GOOD YEAR //;PN16 // HEAVY DUTY // IT 323 10RP TL // IT 323 // TITAN HD2000 10T;MR01;374;V1;2;2;C49;CUBIERTAS INDUSTRI;CUBIERTAS;BOBCAT;KG;ZPAS;PICKEADO;1000090314;;;18/6/2026;;7/7/2026;16/6/2026;;
00374 TERMINAL PUNTA COLORADA;1022105;ZSTO;Tornillo de Cuchilla;JOHN DEERE;10H1047;MR01;374;V1;4;8;G05;AJUSTE;DESGASTE;MINICARGADORA JD 324G;KG;ZPAS;PICKEADO;1000090314;;;18/6/2026;;7/7/2026;16/6/2026;;
00374 TERMINAL PUNTA COLORADA;1022106;ZSTO;Reten de Protector Laterales;JOHN DEERE;14H794;MR01;374;V1;4;8;C29;FILTROS/RESPUESTOS;REPUESTOS;MINICARGADORA JD 324G;KG;ZPAS;PICKEADO;1000090314;;;18/6/2026;;7/7/2026;16/6/2026;;
00374 TERMINAL PUNTA COLORADA;1022103;ZSTO;Cuchilla;JOHN DEERE;T223081;MR01;374;V1;1;2;G01;CUCHILLAS;DESGASTE;MINICARGADORA JD 324G;KG;ZPAN;SIN TRATAMIENTO;1000090315;;;;;16/7/2026;16/6/2026;;10152506
00374 TERMINAL PUNTA COLORADA;1049304;ZSCD;HOJA CALADORA;LEVAS BOSC;T119;MR01;374;V1;30;50;C27;FERRETERIA MR01;FERRETERIA;?;KG;ZPAN;SIN TRATAMIENTO;1000090315;;;;;16/7/2026;16/6/2026;;10152506
00374 TERMINAL PUNTA COLORADA;1002951;ZSTO;FILTRO DE COMBUSTIBLE ALTERNATIVO;DONALDSON // FLEETGUARD // DONALDSON;P550345 // FF5040 // P555095;MR01;374;V1;4;8;F06;FILTRO COMBUSTIBLE;FILTROS;TORRE WACKER;KG;ZPAS;PICKEADO;1000090385;;;18/6/2026;;8/7/2026;17/6/2026;;
00374 TERMINAL PUNTA COLORADA;1002954;ZSTO;FILTRO ACEITE ORIGINAL;KOHLER;WAN5000155736;MR01;374;V1;4;8;F03;FILTRO ACEITE;FILTROS;TORRE WACKER;KG;ZPAS;PICKEADO;1000090385;;;18/6/2026;;8/7/2026;17/6/2026;;
00374 TERMINAL PUNTA COLORADA;1002955;ZSTO;FILTRO AIRE WEGA ALTER;MANN // MANN // WEGA //;FA134S // C2420 // JFA134 // WA48095;MR01;374;V1;4;8;F04;FILTRO AIRE;FILTROS;TORRE DE ILUMINACION;KG;ZPAS;PICKEADO;1000090385;;;18/6/2026;;8/7/2026;17/6/2026;;
00365 RIO TINTO;1002007;ZSTO;CAMISA JEAN T.52 C LOGO;;;U365;365;V1;26;45;C28;SEGURIDAD/ROPA/EPP;ROPA;INDUMENTARIA;KG;MOVIMIENTO 315 PENDIENTE;;;;;;;;;;
00314 CASA Olavarría;1001758;ZSTO;BOTIN MARRON/NEGRO FLOR P.ACERO N 42;CONWORK // VORAN // CALZADOS A // // // // BORIS;53BAF // CRONOS N T42 // ESCORPIO PRUS 1050 T42 // RINGO MOD BOLT TALLE 42 // RINGO-MOD PUNCH TALLE 42 // SKIWAY MOD. 3243 T42 // 3305 T42;MR01;314;V1;4;8;C28;SEGURIDAD/ROPA/EPP;SEGURIDAD;CALZADO;KG;SIN PEDIDO;;;;;;;;;;
00314 CASA Olavarría;1016999;ZSSD;BOLIGRAFO TRAZO GRUESO AZUL;;MÚLT. 50U;MR01;314;V1;45;75;C17;INSUMOS A;LIBRERIA;LIBRERIA;KG;SIN PEDIDO;;;;;;;;;;
00341 Mov. Suelos San Luis;1022226;ZSTO;TRABA TUERCAS TOYOTA HILUX (CHECKPOINT);TOYOTA ARG;3001450;MM01;35;V1;24;48;C03;EQUIPOS;SEGURIDAD;TOYOTA HILUX;KG;SIN PEDIDO;;;;;;;;;;
00341 Mov. Suelos San Luis;1027554;ZSSD;"escobilla bufalo c20 plus 500mm 20""";;;MM01;35;V1;1;3;C29;FILTROS/RESPUESTOS;REPUESTOS;IVECO;KG;SIN PEDIDO;;;;;;;;;;
00341 Mov. Suelos San Luis;1001719;ZSTO;BALIZA DESTELLANTE AUTONOMA CONO 1000HS;;;MR01;341;V1;4;6;C28;SEGURIDAD/ROPA/EPP;SEGURIDAD;SEÑALIZACION;KG;SIN PEDIDO;;;;;;;;;;
00341 Mov. Suelos San Luis;1016080;ZSCD;BOTIN CONW 53 BAF MARRON FLOR P.ACER N39;;;MR01;341;V1;1;2;C28;SEGURIDAD/ROPA/EPP;SEGURIDAD;CALZADO;KG;SIN PEDIDO;;;;;;;;;;
00341 Mov. Suelos San Luis;1046061;ZSTO;FARO REFLECTOR AUXILIAR LED 60W 12V24V;;LED 60W 12V/24V;MR01;341;V1;18;32;C03;EQUIPOS;;;KG;SIN PEDIDO;;;;;;;;;;
00341 Mov. Suelos San Luis;1054418;ZSCD;CARTUCHO TONER AMARILLO LC406XL;;LC406XL BROTHER MOD 2;MR01;341;V1;1;2;C05;INFORMÁT.-HARDWARE;LIBRERIA;?;KG;SIN PEDIDO;;;;;;;;;;
00341 Mov. Suelos San Luis;1054419;ZSCD;CARTUCHO TONER CYAN LC406XL;;LC406XL BROTHER MOD 2;MR01;341;V1;1;2;C05;INFORMÁT.-HARDWARE;LIBRERIA;?;KG;SIN PEDIDO;;;;;;;;;;
00341 Mov. Suelos San Luis;1054420;ZSCD;CARTUCHO TONER MAGENTA LC406XL;;LC406XL BROTHER MOD 2;MR01;341;V1;1;2;C05;INFORMÁT.-HARDWARE;LIBRERIA;?;KG;SIN PEDIDO;;;;;;;;;;
00341 Mov. Suelos San Luis;1054421;ZSCD;CARTUCHO TONER NEGRO LC406XL;;LC406XL BROTHER MOD 2;MR01;341;V1;1;2;C05;INFORMÁT.-HARDWARE;LIBRERIA;?;KG;SIN PEDIDO;;;;;;;;;;
00341 Mov. Suelos San Luis;1057037;ZSCD;SOBRE P. PLASTIF. CALIENTE A3 X 100 UN.;;;MR01;341;V1;1;2;C17;INSUMOS A;;;KG;SIN PEDIDO;;;;;;;;;;
00365 RIO TINTO;1001775;ZSTO;ESLINGA SINTETICA 8MTS 6TN CERTIFICADA;;;U365;365;V1;5;7;C27;FERRETERIA MR01;SEGURIDAD;LOGISTICA;KG;SIN PEDIDO;;;;;;;;;;
00365 RIO TINTO;1018866;ZSSD;CORREA VENTILADOR  - ALTERNADOR;SANY HEAVY;60322885;U365;365;V1;1;2;AGV;COMPRAS AGV;CORREAS;?;KG;MOVIMIENTO 313 PENDIENTE;;;;;;;;;;
00365 RIO TINTO;1055929;ZSTO;CUBIERTA 14.00 R25 TRACCION;;MAXAM TRACCION 14.00 R25;U365;365;V1;4;6;C03;EQUIPOS;CUBIERTAS;CUBIERTAS;KG;MOVIMIENTO 313 PENDIENTE;;;;;;;;;;
00374 TERMINAL PUNTA COLORADA;1057167;ZSCD;PANTALON JEAN MUJER T.38;;;MR01;374;V1;4;8;C28;SEGURIDAD/ROPA/EPP;;;KG;SIN PEDIDO;;;;;;;;;;
00374 TERMINAL PUNTA COLORADA;1057169;ZSCD;PANTALON JEAN MUJER T.40;;;MR01;374;V1;4;8;C28;SEGURIDAD/ROPA/EPP;;;KG;SIN PEDIDO;;;;;;;;;;
00374 TERMINAL PUNTA COLORADA;1057171;ZSCD;PANTALON JEAN MUJER T.42;;;MR01;374;V1;3;6;C28;SEGURIDAD/ROPA/EPP;;;KG;SIN PEDIDO;;;;;;;;;;
00374 TERMINAL PUNTA COLORADA;1057173;ZSCD;PANTALON JEAN MUJER T.44;;;MR01;374;V1;3;6;C28;SEGURIDAD/ROPA/EPP;;;KG;SIN PEDIDO;;;;;;;;;;
00374 TERMINAL PUNTA COLORADA;1057174;ZSCD;PANTALON JEAN MUJER T.46;;;MR01;374;V1;3;6;C28;SEGURIDAD/ROPA/EPP;;;KG;SIN PEDIDO;;;;;;;;;;
00374 TERMINAL PUNTA COLORADA;1057176;ZSCD;PANTALON JEAN MUJER T.48;;;MR01;374;V1;2;4;C28;SEGURIDAD/ROPA/EPP;;;KG;SIN PEDIDO;;;;;;;;;;
00374 TERMINAL PUNTA COLORADA;1057177;ZSCD;PANTALON JEAN MUJER T.50;;;MR01;374;V1;2;4;C28;SEGURIDAD/ROPA/EPP;;;KG;SIN PEDIDO;;;;;;;;;;
00377-YPF 3° loop;1001794;ZSTO;ACEITE HIPOIDAL X 205L;YPF S.A. // YPF S.A.;80W90 // 123092;MR01;377;V1;1;1;L01;ACEITES;LUBRICANTES;ACEITES;KG;SIN PEDIDO;;;;;;;;;;
00377-YPF 3° loop;1001798;ZSTO;ACEITE HIDRAULICO X 20 LTS;TOTAL;AZOLLA32;MR01;377;V1;1;1;L01;ACEITES;LUBRICANTES;ACEITES;KG;SIN PEDIDO;;;;;;;;;;
00377-YPF 3° loop;1001829;ZSTO;CUBIERTA 275 80 R22.5 FG 01;PIRELLI NE // GOOD YEAR // BRIDGESTON // MICHELIN A // GOOD YEAR;FG01 // ARMOR MAX MSA GEN2. // R269 // X WORKS Z // ARMOR MAX MSS;MR01;377;V1;4;8;C48;CUBIERTAS CAMIONES;CUBIERTAS;CAMION TALLER (TRASERA);KG;SIN PEDIDO;;;;;;;;;;
00377-YPF 3° loop;1001837;ZSTO;CUBIERTA 12-16.5;GOOD YEAR // MICHELIN A // GOOD YEAR // TITAN ARGE // PIRELLI NE;12165NHS // BIBSTEEL-HARD-SURFACE // IT323 // NHS IT 323  10PR // PN16;MR01;377;V1;1;2;C49;CUBIERTAS INDUSTRI;CUBIERTAS;JD 310;KG;SIN PEDIDO;;;;;;;;;;
00377-YPF 3° loop;1001838;ZSTO;CUBIERTA R4-19.5L-12T;GOOD YEAR // GOOD YEAR // FIRESTONE // MICHELIN A;R4195L12T // IT525 // R4 // XMCL;MR01;377;V1;1;2;C49;CUBIERTAS INDUSTRI;CUBIERTAS;P/JD 310;KG;SIN PEDIDO;;;;;;;;;;
00377-YPF 3° loop;1002115;ZSTO;CORREA MOTOR;CATERPILLA;2432143;MR01;377;V1;1;1;C29;FILTROS/RESPUESTOS;CORREAS;CAT 938 H;KG;SIN PEDIDO;;;;;;;;;;
00377-YPF 3° loop;1002123;ZSTO;CORREA;JOHN DEERE // JOHN DEERE;T197521 // T428724;MR01;377;V1;1;1;C29;FILTROS/RESPUESTOS;CORREAS;JD 544J;KG;SIN PEDIDO;;;;;;;;;;
00377-YPF 3° loop;1002203;ZSTO;CORREA POLI-V;;90916T2033;MR01;377;V1;3;6;C03;EQUIPOS;CORREAS;HILUX 2019;KG;SIN PEDIDO;;;;;;;;;;
00377-YPF 3° loop;1002205;ZSTO;CORREA DE ALTERNADOR;;1F504013617 // 5802350473;MR01;377;V1;1;1;C29;FILTROS/RESPUESTOS;CORREAS;DIECHI SAMSON 75.10;KG;SIN PEDIDO;;;;;;;;;;
00377-YPF 3° loop;1002474;ZSTO;ELEMENTO FILTRO XUN;SULLAIR AR // // SULLAIR AR;250028032 // P565149 // 250026-982;MR01;377;V1;1;1;F04;FILTRO AIRE;FILTROS;SULLAIR 185;KG;SIN PEDIDO;;;;;;;;;;
00377-YPF 3° loop;1002506;ZSTO;FILTRO AIRE DARMET P SULLEIR;DARMET;V728;MR01;377;V1;1;2;F04;FILTRO AIRE;FILTROS;185Q;KG;SIN PEDIDO;;;;;;;;;;
00377-YPF 3° loop;1002511;ZSTO;FILTRO AIRE DARMET P SULLAIR;DARMET //;V728S // P777524;MR01;377;V1;1;2;F04;FILTRO AIRE;FILTROS;185Q;KG;SIN PEDIDO;;;;;;;;;;
00377-YPF 3° loop;1002557;ZSTO;FILTRO COMBUSTIBLE XUN;JOHN DEERE;RE62418;MR01;377;V1;1;1;F06;FILTRO COMBUSTIBLE;FILTROS;JD 6615;KG;SIN PEDIDO;;;;;;;;;;
00377-YPF 3° loop;1002754;ZSTO;FILTRO A. U. COMPRESORA SULLAIR 185;SULLAIR AR // // FLEETGUARD;2250078031 // OS 5194 // SE-1721;MR01;377;V1;1;1;F04;FILTRO AIRE;FILTROS;FILTROS;KG;SIN PEDIDO;;;;;;;;;;
00377-YPF 3° loop;1003024;ZSTO;ELEMENTO FILTRO AIRE;FLEETGUARD // No aplica // No aplica;AF26094 // 8200651 // A034P660;MR01;377;V1;1;1;F04;FILTRO AIRE;FILTROS;ONAN C66D5;KG;SIN PEDIDO;;;;;;;;;;
00377-YPF 3° loop;1003025;ZSTO;ELEMENTO FILTRO AIRE;FLEETGUARD // // No aplica // No aplica;AF26093 // P131394 // 8200650 // A034P656;MR01;377;V1;1;1;F04;FILTRO AIRE;FILTROS;ONAN C66D5;KG;SIN PEDIDO;;;;;;;;;;
00377-YPF 3° loop;1003027;ZSTO;ELEMENTO FILTRO DE ACEITE;FLEETGUARD // BALDWIN // // // No aplica;LF16061 // B7362 // DBL7349 // LF3806 // P556615;MR01;377;V1;1;1;F03;FILTRO ACEITE;FILTROS;ONAN C66D5;KG;SIN PEDIDO;;;;;;;;;;
00377-YPF 3° loop;1003110;ZSTO;FILTRO DE COMBUSTIBLE;DONALDSON;47377748 // P556287;MR01;377;V1;1;1;F06;FILTRO COMBUSTIBLE;FILTROS;FARMALL A-120;KG;SIN PEDIDO;;;;;;;;;;
00377-YPF 3° loop;1003151;ZSTO;UTILIZAR 1022039;BOMAG GMBH;05990092;MR01;377;V1;1;1;F10;FILTRO HVAC;FILTROS;BW161 AD-5;KG;SIN PEDIDO;;;;;;;;;;
00377-YPF 3° loop;1003206;ZSTO;FILTRO TRAMPA DE AGUA;VOLKSWAGEN // //;2T2201847 // FS19727 // FS20047;MR01;377;V1;1;1;F13;FILTRO TRAMPA DE A;FILTROS;VW 19-360;KG;SIN PEDIDO;;;;;;;;;;
00377-YPF 3° loop;1003299;ZSTO;FILTRO RETORNO TANQUE HIDRAULICO;UFI FILTER // DONALDSON;ESE11NCC // P565243;MR01;377;V1;1;2;F07;FILTRO FLUIDO HIDR;FILTROS;VOLCADORA BACO;KG;SIN PEDIDO;;;;;;;;;;
00377-YPF 3° loop;1016454;ZSTO;Filtro Cabina;VOLKSWAGEN;23B819643;MR01;377;V1;1;3;F05;FILTRO AIRE CABINA;FILTROS;DELIVERY 11.180;KG;SIN PEDIDO;;;;;;;;;;
00377-YPF 3° loop;1016455;ZSTO;Cubierta 235/75 R 17.5;PIRELLI NE // FATE SAICI // KUMHO;FR 01 // FATE SR-200 // KDR01 KUMHO;MR01;377;V1;2;4;C47;CUBIERTAS AUTOMOTR;CUBIERTAS;DELIVERY 11.180;KG;SIN PEDIDO;;;;;;;;;;
00377-YPF 3° loop;1023623;ZSTO;ACEITE MOBIL SHC 629 BEARING-GEAR X20L;PARANA MAQ;MOBIL SHC 629 SYNTHETIC X20L;MR01;377;V1;1;1;C03;EQUIPOS;LUBRICANTES;ACEITES;KG;SIN PEDIDO;;;;;;;;;;
00377-YPF 3° loop;1026177;ZSTO;PULLEY SUB-ASSY (16603-0C013);TOYOTA ARG;16603-0C013;MR01;377;V1;3;6;C03;EQUIPOS;REPUESTOS;TOYOTA HILUX;KG;SIN PEDIDO;;;;;;;;;;
00377-YPF 3° loop;1026179;ZSTO;TENSOR;;16620-11010;MR01;377;V1;3;6;C29;FILTROS/RESPUESTOS;REPUESTOS;TOYOTA HILUX;KG;SIN PEDIDO;;;;;;;;;;
00377-YPF 3° loop;1029126;ZSTO;Filtro Admision Primario;;8032064;MR01;377;V1;1;2;C29;FILTROS/RESPUESTOS;FILTROS;MOTOBOMBA ANTONIK FC80/2 // MOTOBOMBA STOCCO RTX 70.200;KG;SIN PEDIDO;;;;;;;;;;
00377-YPF 3° loop;1029132;ZSTO;Filtro Aceite Motor;;2992242;MR01;377;V1;1;1;C29;FILTROS/RESPUESTOS;FILTROS;MOTOBOMBA ANTONIK FC80/2;KG;SIN PEDIDO;;;;;;;;;;
00377-YPF 3° loop;1029137;ZSTO;Aceite 80W90 x 20 L;SHELL PLC.;SPIRAX S3 AX80W-90;MR01;377;V1;1;1;C03;EQUIPOS;LUBRICANTES;MOTOBOMBA ANTONIK FC80/2;KG;SIN PEDIDO;;;;;;;;;;
00377-YPF 3° loop;1029362;ZSTO;TENSOR DE CORREA;;07W903133;MR01;377;V1;1;1;C03;EQUIPOS;?;?;KG;SIN PEDIDO;;;;;;;;;;
00377-YPF 3° loop;1033430;ZSTO;FILTRO DE ACEITE;;5801986263 // 500086363;MR01;377;V1;1;1;C29;FILTROS/RESPUESTOS;FILTROS;MOTOBOMBA STOCCO RTX 70.200;KG;SIN PEDIDO;;;;;;;;;;
00377-YPF 3° loop;1033431;ZSTO;FILTRO DE COMBUSTIBLE;;5802721728;MR01;377;V1;1;1;C29;FILTROS/RESPUESTOS;FILTROS;MOTOBOMBA STOCCO RTX 70.200;KG;SIN PEDIDO;;;;;;;;;;
00377-YPF 3° loop;1033432;ZSTO;CORREA MOTOR;SKF;8PK1400;MR01;377;V1;1;1;C29;FILTROS/RESPUESTOS;CORREAS;MOTOBOMBA STOCCO RTX 70.200;KG;SIN PEDIDO;;;;;;;;;;
